Compartment,Datetime,Depth,Moisture_m3_m3,Temp_C,Remove
EBSW,10/03/2014  6:00:00 PM,Depth1,-0.0162,,
EBSW,10/03/2014  9:00:00 PM,Depth1,-0.0162,,
EBSW,10/04/2014  12:00:00 AM,Depth1,-0.0162,,
EBSW,10/04/2014  3:00:00 AM,Depth1,-0.0162,,
EBSW,10/04/2014  6:00:00 AM,Depth1,-0.0162,,
EBSW,10/04/2014  9:00:00 AM,Depth1,-0.0162,,
EBSW,10/03/2014  3:00:00 PM,Depth1,-0.0158,,
EBSW,10/04/2014  12:00:00 PM,Depth1,-0.0158,,
EBSW,10/04/2014  3:00:00 PM,Depth1,-0.0158,,
EBSW,10/03/2014  12:00:00 PM,Depth1,-0.0149,,
EBSW,10/02/2014  9:00:00 PM,Depth1,-0.0145,,
EBSW,10/03/2014  12:00:00 AM,Depth1,-0.0145,,
EBSW,10/03/2014  3:00:00 AM,Depth1,-0.0145,,
EBSW,10/03/2014  6:00:00 AM,Depth1,-0.0145,,
EBSW,10/02/2014  6:00:00 PM,Depth1,-0.0141,,
EBSW,10/03/2014  9:00:00 AM,Depth1,-0.0141,,
EBSW,10/02/2014  3:00:00 PM,Depth1,-0.0136,,
EBSW,09/29/14 03:00:00 PM,Depth1,-0.0128,,
EBSW,09/29/14 06:00:00 AM,Depth1,-0.0128,,
EBSW,09/29/14 06:00:00 PM,Depth1,-0.0128,,
EBSW,09/29/14 09:00:00 AM,Depth1,-0.0128,,
EBSW,09/29/14 09:00:00 PM,Depth1,-0.0128,,
EBSW,09/29/14 12:00:00 AM,Depth1,-0.0128,,
EBSW,09/29/14 12:00:00 PM,Depth1,-0.0128,,
EBSW,09/30/14 03:00:00 AM,Depth1,-0.0128,,
EBSW,09/30/14 03:00:00 PM,Depth1,-0.0128,,
EBSW,09/30/14 06:00:00 AM,Depth1,-0.0128,,
EBSW,09/30/14 06:00:00 PM,Depth1,-0.0128,,
EBSW,09/30/14 09:00:00 PM,Depth1,-0.0128,,
EBSW,09/30/14 12:00:00 AM,Depth1,-0.0128,,
EBSW,09/30/14 12:00:00 PM,Depth1,-0.0128,,
EBSW,10/01/2014  12:00:00 AM,Depth1,-0.0124,,
EBSW,10/01/2014  3:00:00 AM,Depth1,-0.0124,,
EBSW,10/01/2014  6:00:00 AM,Depth1,-0.0124,,
EBSW,10/01/2014  9:00:00 AM,Depth1,-0.0124,,
EBSW,10/01/2014  12:00:00 PM,Depth1,-0.0124,,
EBSW,10/01/2014  3:00:00 PM,Depth1,-0.0124,,
EBSW,10/01/2014  6:00:00 PM,Depth1,-0.0124,,
EBSW,10/01/2014  9:00:00 PM,Depth1,-0.0124,,
EBSW,10/02/2014  12:00:00 AM,Depth1,-0.0124,,
EBSW,10/02/2014  3:00:00 AM,Depth1,-0.0124,,
EBSW,10/02/2014  6:00:00 AM,Depth1,-0.0124,,
EBSW,10/02/2014  9:00:00 AM,Depth1,-0.0124,,
EBSW,10/02/2014  12:00:00 PM,Depth1,-0.0124,,
EBSW,09/28/14 06:00:00 PM,Depth1,-0.0124,,
EBSW,09/28/14 09:00:00 PM,Depth1,-0.0124,,
EBSW,09/29/14 03:00:00 AM,Depth1,-0.0124,,
EBSW,09/30/14 09:00:00 AM,Depth1,-0.0124,,
EBSW,09/28/14 03:00:00 PM,Depth1,-0.0119,,
EBSW,09/28/14 12:00:00 PM,Depth1,-0.0111,,
EBSW,09/27/14 06:00:00 PM,Depth1,-0.0102,,
EBSW,09/28/14 03:00:00 AM,Depth1,-0.0102,,
EBSW,09/28/14 06:00:00 AM,Depth1,-0.0102,,
EBSW,09/27/14 09:00:00 PM,Depth1,-0.0098,,
EBSW,09/28/14 09:00:00 AM,Depth1,-0.0098,,
EBSW,09/28/14 12:00:00 AM,Depth1,-0.0098,,
EBSW,09/27/14 03:00:00 PM,Depth1,-0.0094,,
EBSW,09/27/14 12:00:00 PM,Depth1,-0.0085,,
EBSW,09/26/14 06:00:00 PM,Depth1,-0.0073,,
EBSW,09/26/14 09:00:00 PM,Depth1,-0.0073,,
EBSW,09/27/14 03:00:00 AM,Depth1,-0.0073,,
EBSW,09/27/14 06:00:00 AM,Depth1,-0.0073,,
EBSW,09/27/14 09:00:00 AM,Depth1,-0.0073,,
EBSW,09/27/14 12:00:00 AM,Depth1,-0.0069,,
EBSW,09/26/14 03:00:00 PM,Depth1,-0.0064,,
EBSW,09/26/14 12:00:00 PM,Depth1,-0.0052,,
EBSW,10/03/2014  6:00:00 PM,Depth2,-0.0047,,
EBSW,10/03/2014  9:00:00 PM,Depth2,-0.0047,,
EBSW,10/04/2014  12:00:00 AM,Depth2,-0.0047,,
EBSW,10/04/2014  3:00:00 AM,Depth2,-0.0047,,
EBSW,09/26/14 09:00:00 AM,Depth1,-0.0047,,
EBSW,10/03/2014  3:00:00 PM,Depth2,-0.0043,,
EBSW,10/04/2014  6:00:00 AM,Depth2,-0.0043,,
EBSW,10/04/2014  9:00:00 AM,Depth2,-0.0043,,
EBSW,10/04/2014  12:00:00 PM,Depth2,-0.0043,,
EBSW,10/04/2014  3:00:00 PM,Depth2,-0.0039,,
EBSW,10/04/2014  6:00:00 PM,Depth2,-0.0039,,
EBSW,09/25/14 06:00:00 PM,Depth1,-0.0039,,
EBSW,09/25/14 09:00:00 PM,Depth1,-0.0039,,
EBSW,09/26/14 03:00:00 AM,Depth1,-0.0039,,
EBSW,09/26/14 06:00:00 AM,Depth1,-0.0039,,
EBSW,09/26/14 12:00:00 AM,Depth1,-0.0039,,
EBSW,10/02/2014  6:00:00 PM,Depth2,-0.003,,
EBSW,10/02/2014  9:00:00 PM,Depth2,-0.003,,
EBSW,10/03/2014  12:00:00 PM,Depth2,-0.003,,
EBSW,10/04/2014  9:00:00 PM,Depth2,-0.003,,
EBSW,09/25/14 03:00:00 PM,Depth1,-0.003,,
EBSW,10/03/2014  12:00:00 AM,Depth2,-0.0026,,
EBSW,10/03/2014  3:00:00 AM,Depth2,-0.0022,,
EBSW,10/03/2014  6:00:00 AM,Depth2,-0.0022,,
EBSW,10/03/2014  9:00:00 AM,Depth2,-0.0022,,
EBSW,09/24/14 09:00:00 PM,Depth1,-0.0018,,
EBSW,09/25/14 06:00:00 AM,Depth1,-0.0018,,
EBSW,09/25/14 12:00:00 PM,Depth1,-0.0018,,
EBSW,10/02/2014  3:00:00 PM,Depth2,-0.0013,,
EBSW,09/24/14 06:00:00 PM,Depth1,-0.0013,,
EBSW,09/25/14 03:00:00 AM,Depth1,-0.0013,,
EBSW,09/25/14 09:00:00 AM,Depth1,-0.0013,,
EBSW,09/25/14 12:00:00 AM,Depth1,-0.0013,,
EBSW,09/28/14 03:00:00 PM,Depth2,-0.0013,,
EBSW,09/28/14 06:00:00 PM,Depth2,-0.0013,,
EBSW,09/28/14 09:00:00 PM,Depth2,-0.0013,,
EBSW,09/29/14 03:00:00 AM,Depth2,-0.0013,,
EBSW,09/29/14 03:00:00 PM,Depth2,-0.0013,,
EBSW,09/29/14 06:00:00 AM,Depth2,-0.0013,,
EBSW,09/29/14 06:00:00 PM,Depth2,-0.0013,,
EBSW,09/29/14 09:00:00 AM,Depth2,-0.0013,,
EBSW,09/29/14 09:00:00 PM,Depth2,-0.0013,,
EBSW,09/29/14 12:00:00 AM,Depth2,-0.0013,,
EBSW,09/29/14 12:00:00 PM,Depth2,-0.0013,,
EBSW,09/30/14 03:00:00 AM,Depth2,-0.0013,,
EBSW,09/30/14 12:00:00 AM,Depth2,-0.0013,,
EBSW,09/30/14 06:00:00 AM,Depth2,-0.0009,,
EBSW,09/30/14 09:00:00 AM,Depth2,-0.0009,,
EBSW,09/30/14 12:00:00 PM,Depth2,-0.0009,,
EBSW,10/01/2014  12:00:00 AM,Depth2,-0.0005,,
EBSW,09/24/14 03:00:00 PM,Depth1,-0.0005,,
EBSW,09/30/14 03:00:00 PM,Depth2,-0.0005,,
EBSW,09/30/14 06:00:00 PM,Depth2,-0.0005,,
EBSW,09/30/14 09:00:00 PM,Depth2,-0.0005,,
EBSW,10/01/2014  6:00:00 AM,Depth2,-0.0001,,
EBSW,09/24/14 12:00:00 PM,Depth1,-0.0001,,
EBSW,09/28/14 12:00:00 PM,Depth2,-0.0001,,
EBSW,10/01/2014  3:00:00 AM,Depth2,0.0004,,
EBSW,10/01/2014  9:00:00 AM,Depth2,0.0004,,
EBSW,10/01/2014  12:00:00 PM,Depth2,0.0004,,
EBSW,10/01/2014  3:00:00 PM,Depth2,0.0004,,
EBSW,10/01/2014  6:00:00 PM,Depth2,0.0004,,
EBSW,10/01/2014  9:00:00 PM,Depth2,0.0004,,
EBSW,10/02/2014  12:00:00 AM,Depth2,0.0004,,
EBSW,10/02/2014  3:00:00 AM,Depth2,0.0004,,
EBSW,10/02/2014  6:00:00 AM,Depth2,0.0004,,
EBSW,10/02/2014  9:00:00 AM,Depth2,0.0004,,
EBSW,10/02/2014  12:00:00 PM,Depth2,0.0004,,
EBSW,09/23/14 06:00:00 PM,Depth1,0.0008,,
EBSW,09/23/14 09:00:00 PM,Depth1,0.0008,,
EBSW,09/24/14 03:00:00 AM,Depth1,0.0008,,
EBSW,09/24/14 06:00:00 AM,Depth1,0.0008,,
EBSW,09/24/14 12:00:00 AM,Depth1,0.0008,,
EBSW,09/28/14 09:00:00 AM,Depth2,0.0008,,
EBSW,09/28/14 12:00:00 AM,Depth2,0.0008,,
EBSW,09/24/14 09:00:00 AM,Depth1,0.0012,,
EBSW,09/27/14 06:00:00 PM,Depth2,0.0012,,
EBSW,09/27/14 09:00:00 PM,Depth2,0.0012,,
EBSW,09/28/14 03:00:00 AM,Depth2,0.0012,,
EBSW,09/23/14 03:00:00 PM,Depth1,0.0021,,
EBSW,09/27/14 03:00:00 PM,Depth2,0.0021,,
EBSW,09/28/14 06:00:00 AM,Depth2,0.0021,,
EBSW,09/22/14 06:00:00 PM,Depth1,0.0025,,
EBSW,09/23/14 12:00:00 PM,Depth1,0.0025,,
EBSW,09/22/14 09:00:00 PM,Depth1,0.0029,,
EBSW,09/23/14 03:00:00 AM,Depth1,0.0029,,
EBSW,09/23/14 06:00:00 AM,Depth1,0.0029,,
EBSW,09/23/14 09:00:00 AM,Depth1,0.0029,,
EBSW,09/23/14 12:00:00 AM,Depth1,0.0029,,
EBSW,09/27/14 12:00:00 PM,Depth2,0.0029,,
EBSW,09/22/14 03:00:00 PM,Depth1,0.0033,,
EBSW,09/20/14 06:00:00 PM,Depth1,0.0038,,
EBSW,09/21/14 03:00:00 AM,Depth1,0.0038,,
EBSW,09/21/14 03:00:00 PM,Depth1,0.0038,,
EBSW,09/21/14 06:00:00 AM,Depth1,0.0038,,
EBSW,09/21/14 06:00:00 PM,Depth1,0.0038,,
EBSW,09/21/14 09:00:00 AM,Depth1,0.0038,,
EBSW,09/21/14 09:00:00 PM,Depth1,0.0038,,
EBSW,09/21/14 12:00:00 AM,Depth1,0.0038,,
EBSW,09/21/14 12:00:00 PM,Depth1,0.0038,,
EBSW,09/22/14 06:00:00 AM,Depth1,0.0038,,
EBSW,09/22/14 12:00:00 AM,Depth1,0.0038,,
EBSW,09/26/14 06:00:00 PM,Depth2,0.0038,,
EBSW,09/26/14 09:00:00 PM,Depth2,0.0038,,
EBSW,09/27/14 03:00:00 AM,Depth2,0.0038,,
EBSW,09/27/14 06:00:00 AM,Depth2,0.0038,,
EBSW,09/27/14 09:00:00 AM,Depth2,0.0038,,
EBSW,09/27/14 12:00:00 AM,Depth2,0.0038,,
EBSW,09/20/14 03:00:00 PM,Depth1,0.0042,,
EBSW,09/20/14 09:00:00 PM,Depth1,0.0042,,
EBSW,09/22/14 03:00:00 AM,Depth1,0.0042,,
EBSW,09/22/14 09:00:00 AM,Depth1,0.0042,,
EBSW,09/22/14 12:00:00 PM,Depth1,0.0042,,
EBSW,09/26/14 03:00:00 PM,Depth2,0.0046,,
EBSW,09/20/14 12:00:00 PM,Depth1,0.005,,
EBSW,09/20/14 03:00:00 AM,Depth1,0.0059,,
EBSW,09/20/14 06:00:00 AM,Depth1,0.0059,,
EBSW,09/20/14 09:00:00 AM,Depth1,0.0059,,
EBSW,09/20/14 12:00:00 AM,Depth1,0.0059,,
EBSW,09/19/14 09:00:00 PM,Depth1,0.0063,,
EBSW,09/26/14 12:00:00 PM,Depth2,0.0063,,
EBSW,09/19/14 06:00:00 PM,Depth1,0.0067,,
EBSW,09/25/14 06:00:00 PM,Depth2,0.0071,,
EBSW,09/25/14 09:00:00 PM,Depth2,0.0071,,
EBSW,09/26/14 03:00:00 AM,Depth2,0.0071,,
EBSW,09/26/14 06:00:00 AM,Depth2,0.0071,,
EBSW,09/26/14 09:00:00 AM,Depth2,0.0071,,
EBSW,09/26/14 12:00:00 AM,Depth2,0.0071,,
EBSW,09/19/14 03:00:00 PM,Depth1,0.0076,,
EBSW,09/24/14 09:00:00 PM,Depth2,0.0088,,
EBSW,09/25/14 03:00:00 PM,Depth2,0.0088,,
EBSW,09/25/14 12:00:00 PM,Depth2,0.0088,,
EBSW,09/19/14 12:00:00 PM,Depth1,0.0093,,
EBSW,09/24/14 06:00:00 PM,Depth2,0.0093,,
EBSW,09/25/14 03:00:00 AM,Depth2,0.0093,,
EBSW,09/25/14 12:00:00 AM,Depth2,0.0093,,
EBSW,09/18/14 06:00:00 PM,Depth1,0.0097,,
EBSW,09/19/14 03:00:00 AM,Depth1,0.0097,,
EBSW,09/19/14 06:00:00 AM,Depth1,0.0097,,
EBSW,09/19/14 09:00:00 AM,Depth1,0.0097,,
EBSW,09/19/14 12:00:00 AM,Depth1,0.0097,,
EBSW,09/25/14 06:00:00 AM,Depth2,0.0097,,
EBSW,09/25/14 09:00:00 AM,Depth2,0.0097,,
EBSW,09/18/14 09:00:00 PM,Depth1,0.0101,,
EBSW,09/24/14 03:00:00 PM,Depth2,0.0105,,
EBSW,09/24/14 12:00:00 PM,Depth2,0.0105,,
EBSW,09/18/14 03:00:00 PM,Depth1,0.011,,
EBSW,09/23/14 09:00:00 PM,Depth2,0.011,,
EBSW,09/23/14 06:00:00 PM,Depth2,0.0114,,
EBSW,09/24/14 03:00:00 AM,Depth2,0.0114,,
EBSW,09/24/14 12:00:00 AM,Depth2,0.0114,,
EBSW,09/18/14 12:00:00 PM,Depth1,0.0122,,
EBSW,09/22/14 06:00:00 PM,Depth2,0.0122,,
EBSW,09/23/14 03:00:00 PM,Depth2,0.0122,,
EBSW,09/24/14 06:00:00 AM,Depth2,0.0122,,
EBSW,09/24/14 09:00:00 AM,Depth2,0.0122,,
EBSW,09/23/14 12:00:00 PM,Depth2,0.0127,,
EBSW,09/21/14 09:00:00 PM,Depth2,0.0131,,
EBSW,09/22/14 03:00:00 PM,Depth2,0.0131,,
EBSW,09/22/14 09:00:00 PM,Depth2,0.0131,,
EBSW,09/22/14 12:00:00 AM,Depth2,0.0131,,
EBSW,09/23/14 03:00:00 AM,Depth2,0.0131,,
EBSW,09/23/14 06:00:00 AM,Depth2,0.0131,,
EBSW,09/23/14 09:00:00 AM,Depth2,0.0131,,
EBSW,09/23/14 12:00:00 AM,Depth2,0.0131,,
EBSW,09/17/14 09:00:00 PM,Depth1,0.0135,,
EBSW,09/18/14 03:00:00 AM,Depth1,0.0135,,
EBSW,09/18/14 06:00:00 AM,Depth1,0.0135,,
EBSW,09/18/14 09:00:00 AM,Depth1,0.0135,,
EBSW,09/18/14 12:00:00 AM,Depth1,0.0135,,
EBSW,09/21/14 03:00:00 AM,Depth2,0.0135,,
EBSW,09/21/14 06:00:00 PM,Depth2,0.0135,,
EBSW,09/17/14 06:00:00 PM,Depth1,0.0139,,
EBSW,09/20/14 03:00:00 PM,Depth2,0.0139,,
EBSW,09/20/14 06:00:00 PM,Depth2,0.0139,,
EBSW,09/20/14 09:00:00 PM,Depth2,0.0139,,
EBSW,09/21/14 03:00:00 PM,Depth2,0.0139,,
EBSW,09/21/14 06:00:00 AM,Depth2,0.0139,,
EBSW,09/21/14 09:00:00 AM,Depth2,0.0139,,
EBSW,09/21/14 12:00:00 AM,Depth2,0.0139,,
EBSW,09/21/14 12:00:00 PM,Depth2,0.0139,,
EBSW,09/22/14 03:00:00 AM,Depth2,0.0139,,
EBSW,09/22/14 06:00:00 AM,Depth2,0.0139,,
EBSW,09/22/14 09:00:00 AM,Depth2,0.0139,,
EBSW,09/22/14 12:00:00 PM,Depth2,0.0139,,
EBSW,09/17/14 03:00:00 PM,Depth1,0.0152,,
EBSW,09/19/14 09:00:00 PM,Depth2,0.0156,,
EBSW,09/20/14 03:00:00 AM,Depth2,0.0156,,
EBSW,09/20/14 06:00:00 AM,Depth2,0.0156,,
EBSW,09/20/14 09:00:00 AM,Depth2,0.0156,,
EBSW,09/20/14 12:00:00 PM,Depth2,0.0156,,
EBSW,09/20/14 12:00:00 AM,Depth2,0.0161,,
EBSW,09/19/14 06:00:00 PM,Depth2,0.0165,,
EBSW,09/17/14 12:00:00 PM,Depth1,0.0169,,
EBSW,09/19/14 03:00:00 PM,Depth2,0.0173,,
EBSW,09/16/14 09:00:00 PM,Depth1,0.0182,,
EBSW,09/17/14 03:00:00 AM,Depth1,0.0182,,
EBSW,09/17/14 09:00:00 AM,Depth1,0.0182,,
EBSW,09/17/14 12:00:00 AM,Depth1,0.0182,,
EBSW,09/16/14 03:00:00 PM,Depth1,0.0186,,
EBSW,09/16/14 06:00:00 PM,Depth1,0.0186,,
EBSW,09/17/14 06:00:00 AM,Depth1,0.0186,,
EBSW,09/18/14 09:00:00 PM,Depth2,0.019,,
EBSW,09/19/14 03:00:00 AM,Depth2,0.019,,
EBSW,09/19/14 12:00:00 AM,Depth2,0.019,,
EBSW,09/19/14 12:00:00 PM,Depth2,0.019,,
EBSW,09/18/14 06:00:00 PM,Depth2,0.0194,,
EBSW,09/19/14 06:00:00 AM,Depth2,0.0194,,
EBSW,09/19/14 09:00:00 AM,Depth2,0.0194,,
EBSW,09/16/14 09:00:00 AM,Depth1,0.0199,,
EBSW,09/16/14 12:00:00 PM,Depth1,0.0199,,
EBSW,09/16/14 03:00:00 AM,Depth1,0.0203,,
EBSW,09/16/14 06:00:00 AM,Depth1,0.0203,,
EBSW,09/16/14 12:00:00 AM,Depth1,0.0203,,
EBSW,09/15/14 09:00:00 PM,Depth1,0.0207,,
EBSW,09/18/14 03:00:00 PM,Depth2,0.0207,,
EBSW,09/15/14 06:00:00 PM,Depth1,0.0211,,
EBSW,10/04/2014  6:00:00 PM,Depth1,0.0224,,
EBSW,09/18/14 12:00:00 PM,Depth2,0.0224,,
EBSW,09/15/14 03:00:00 PM,Depth1,0.0228,,
EBSW,09/15/14 12:00:00 PM,Depth1,0.0237,,
EBSW,09/17/14 09:00:00 PM,Depth2,0.0237,,
EBSW,10/05/2014  12:00:00 AM,Depth2,0.0241,,
EBSW,09/17/14 06:00:00 PM,Depth2,0.0241,,
EBSW,09/18/14 03:00:00 AM,Depth2,0.0241,,
EBSW,09/18/14 06:00:00 AM,Depth2,0.0241,,
EBSW,09/18/14 09:00:00 AM,Depth2,0.0241,,
EBSW,09/18/14 12:00:00 AM,Depth2,0.0241,,
EBSW,09/14/14 06:00:00 PM,Depth1,0.0245,,
EBSW,09/14/14 09:00:00 PM,Depth1,0.0245,,
EBSW,09/15/14 03:00:00 AM,Depth1,0.0245,,
EBSW,09/15/14 06:00:00 AM,Depth1,0.0245,,
EBSW,09/15/14 09:00:00 AM,Depth1,0.0245,,
EBSW,09/15/14 12:00:00 AM,Depth1,0.0245,,
EBSW,09/14/14 03:00:00 PM,Depth1,0.0254,,
EBSW,09/17/14 03:00:00 PM,Depth2,0.0258,,
EBSW,09/13/14 06:00:00 PM,Depth1,0.0262,,
EBSW,09/13/14 09:00:00 PM,Depth1,0.0262,,
EBSW,09/14/14 03:00:00 AM,Depth1,0.0262,,
EBSW,09/14/14 12:00:00 AM,Depth1,0.0262,,
EBSW,09/14/14 12:00:00 PM,Depth1,0.0262,,
EBSW,09/13/14 03:00:00 PM,Depth1,0.0267,,
EBSW,09/14/14 06:00:00 AM,Depth1,0.0267,,
EBSW,09/14/14 09:00:00 AM,Depth1,0.0267,,
EBSW,09/10/2014  6:00:00 PM,Depth2,0.0275,,
EBSW,09/13/14 12:00:00 PM,Depth1,0.0275,,
EBSW,09/12/2014  9:00:00 PM,Depth1,0.0279,,
EBSW,09/13/14 03:00:00 AM,Depth1,0.0279,,
EBSW,09/13/14 12:00:00 AM,Depth1,0.0279,,
EBSW,09/10/2014  9:00:00 PM,Depth2,0.0284,,
EBSW,09/11/2014  12:00:00 AM,Depth2,0.0284,,
EBSW,09/12/2014  6:00:00 PM,Depth1,0.0284,,
EBSW,09/13/14 06:00:00 AM,Depth1,0.0284,,
EBSW,09/13/14 09:00:00 AM,Depth1,0.0284,,
EBSW,09/10/2014  3:00:00 PM,Depth2,0.0292,,
EBSW,09/11/2014  3:00:00 AM,Depth2,0.0292,,
EBSW,09/11/2014  6:00:00 AM,Depth2,0.0292,,
EBSW,09/11/2014  9:00:00 AM,Depth2,0.0292,,
EBSW,09/11/2014  12:00:00 PM,Depth2,0.0292,,
EBSW,09/11/2014  3:00:00 PM,Depth2,0.0292,,
EBSW,09/17/14 12:00:00 PM,Depth2,0.0292,,
EBSW,09/12/2014  3:00:00 PM,Depth1,0.0296,,
EBSW,09/11/2014  3:00:00 PM,Depth1,0.0305,,
EBSW,09/12/2014  12:00:00 PM,Depth1,0.0305,,
EBSW,09/10/2014  12:00:00 PM,Depth2,0.0309,,
EBSW,09/10/2014  9:00:00 PM,Depth1,0.0309,,
EBSW,09/11/2014  6:00:00 PM,Depth1,0.0309,,
EBSW,09/11/2014  9:00:00 PM,Depth1,0.0309,,
EBSW,09/12/2014  12:00:00 AM,Depth1,0.0309,,
EBSW,09/16/14 06:00:00 PM,Depth2,0.0309,,
EBSW,09/16/14 09:00:00 PM,Depth2,0.0309,,
EBSW,09/17/14 03:00:00 AM,Depth2,0.0309,,
EBSW,09/17/14 06:00:00 AM,Depth2,0.0309,,
EBSW,09/17/14 09:00:00 AM,Depth2,0.0309,,
EBSW,09/17/14 12:00:00 AM,Depth2,0.0309,,
EBSW,09/10/2014  6:00:00 PM,Depth1,0.0313,,
EBSW,09/11/2014  12:00:00 AM,Depth1,0.0313,,
EBSW,09/11/2014  3:00:00 AM,Depth1,0.0313,,
EBSW,09/11/2014  6:00:00 AM,Depth1,0.0313,,
EBSW,09/11/2014  9:00:00 AM,Depth1,0.0313,,
EBSW,09/11/2014  12:00:00 PM,Depth1,0.0313,,
EBSW,09/12/2014  3:00:00 AM,Depth1,0.0313,,
EBSW,09/12/2014  6:00:00 AM,Depth1,0.0313,,
EBSW,09/12/2014  9:00:00 AM,Depth1,0.0313,,
EBSW,09/09/2014  6:00:00 PM,Depth2,0.0318,,
EBSW,09/10/2014  3:00:00 AM,Depth2,0.0318,,
EBSW,09/10/2014  9:00:00 AM,Depth2,0.0318,,
EBSW,09/09/2014  9:00:00 PM,Depth2,0.0326,,
EBSW,09/10/2014  12:00:00 AM,Depth2,0.0326,,
EBSW,09/10/2014  6:00:00 AM,Depth2,0.0326,,
EBSW,09/10/2014  3:00:00 PM,Depth1,0.0326,,
EBSW,09/16/14 03:00:00 PM,Depth2,0.0326,,
EBSW,09/16/14 12:00:00 PM,Depth2,0.0326,,
EBSW,09/09/2014  3:00:00 PM,Depth2,0.0334,,
EBSW,09/16/14 03:00:00 AM,Depth2,0.0334,,
EBSW,09/16/14 06:00:00 AM,Depth2,0.0334,,
EBSW,09/16/14 09:00:00 AM,Depth2,0.0334,,
EBSW,09/16/14 12:00:00 AM,Depth2,0.0334,,
EBSW,09/10/2014  12:00:00 PM,Depth1,0.0347,,
EBSW,09/09/2014  12:00:00 PM,Depth2,0.036,,
EBSW,09/10/2014  3:00:00 AM,Depth1,0.036,,
EBSW,09/10/2014  6:00:00 AM,Depth1,0.036,,
EBSW,09/10/2014  9:00:00 AM,Depth1,0.036,,
EBSW,09/15/14 06:00:00 PM,Depth2,0.036,,
EBSW,09/15/14 09:00:00 PM,Depth2,0.036,,
EBSW,09/09/2014  9:00:00 PM,Depth1,0.0364,,
EBSW,09/09/2014  6:00:00 PM,Depth1,0.0368,,
EBSW,09/10/2014  12:00:00 AM,Depth1,0.0368,,
EBSW,09/15/14 03:00:00 PM,Depth2,0.0368,,
EBSW,09/08/2014  6:00:00 PM,Depth2,0.0377,,
EBSW,09/08/2014  9:00:00 PM,Depth2,0.0377,,
EBSW,09/09/2014  3:00:00 AM,Depth2,0.0377,,
EBSW,09/09/2014  6:00:00 AM,Depth2,0.0377,,
EBSW,09/09/2014  9:00:00 AM,Depth2,0.0377,,
EBSW,09/09/2014  12:00:00 AM,Depth2,0.0381,,
EBSW,09/09/2014  3:00:00 PM,Depth1,0.0381,,
EBSW,09/08/2014  3:00:00 PM,Depth2,0.0394,,
EBSW,10/04/2014  9:00:00 PM,Depth1,0.0394,,
EBSW,09/15/14 12:00:00 PM,Depth2,0.0394,,
EBSW,10/05/2014  3:00:00 AM,Depth2,0.0398,,
EBSW,10/16/14 03:00:00 PM,Depth1,0.0398,,
EBSW,10/16/14 06:00:00 AM,Depth1,0.0398,,
EBSW,10/16/14 06:00:00 PM,Depth1,0.0398,,
EBSW,10/16/14 09:00:00 AM,Depth1,0.0398,,
EBSW,10/16/14 09:00:00 PM,Depth1,0.0398,,
EBSW,10/16/14 12:00:00 AM,Depth1,0.0398,,
EBSW,10/16/14 12:00:00 PM,Depth1,0.0398,,
EBSW,10/17/14 12:00:00 AM,Depth1,0.0398,,
EBSW,09/09/2014  12:00:00 PM,Depth1,0.0402,,
EBSW,09/15/14 03:00:00 AM,Depth2,0.0402,,
EBSW,09/15/14 06:00:00 AM,Depth2,0.0402,,
EBSW,09/15/14 09:00:00 AM,Depth2,0.0402,,
EBSW,10/15/14 03:00:00 PM,Depth1,0.0402,,
EBSW,10/15/14 06:00:00 PM,Depth1,0.0402,,
EBSW,10/15/14 09:00:00 PM,Depth1,0.0402,,
EBSW,10/16/14 03:00:00 AM,Depth1,0.0402,,
EBSW,10/15/14 06:00:00 AM,Depth1,0.0407,,
EBSW,10/15/14 09:00:00 AM,Depth1,0.0407,,
EBSW,10/15/14 12:00:00 PM,Depth1,0.0407,,
EBSW,09/14/14 06:00:00 PM,Depth2,0.0411,,
EBSW,09/14/14 09:00:00 PM,Depth2,0.0411,,
EBSW,09/15/14 12:00:00 AM,Depth2,0.0411,,
EBSW,10/14/14 09:00:00 PM,Depth1,0.0411,,
EBSW,10/15/14 03:00:00 AM,Depth1,0.0411,,
EBSW,10/15/14 12:00:00 AM,Depth1,0.0411,,
EBSW,09/09/2014  9:00:00 AM,Depth1,0.0415,,
EBSW,10/14/14 03:00:00 PM,Depth1,0.0415,,
EBSW,10/14/14 06:00:00 PM,Depth1,0.0415,,
EBSW,10/14/14 12:00:00 PM,Depth1,0.0415,,
EBSW,09/08/2014  12:00:00 PM,Depth2,0.0419,,
EBSW,09/11/2014  6:00:00 PM,Depth2,0.0419,,
EBSW,10/14/14 03:00:00 AM,Depth1,0.0419,,
EBSW,10/14/14 06:00:00 AM,Depth1,0.0419,,
EBSW,10/14/14 09:00:00 AM,Depth1,0.0419,,
EBSW,10/14/14 12:00:00 AM,Depth1,0.0419,,
EBSW,10/13/14 06:00:00 PM,Depth1,0.0424,,
EBSW,10/13/14 09:00:00 PM,Depth1,0.0424,,
EBSW,09/07/2014  6:00:00 PM,Depth2,0.0428,,
EBSW,09/07/2014  9:00:00 PM,Depth2,0.0428,,
EBSW,09/08/2014  9:00:00 PM,Depth1,0.0428,,
EBSW,09/09/2014  12:00:00 AM,Depth1,0.0428,,
EBSW,09/09/2014  3:00:00 AM,Depth1,0.0428,,
EBSW,09/14/14 03:00:00 PM,Depth2,0.0428,,
EBSW,10/13/14 03:00:00 PM,Depth1,0.0428,,
EBSW,09/08/2014  12:00:00 AM,Depth2,0.0432,,
EBSW,09/08/2014  3:00:00 AM,Depth2,0.0432,,
EBSW,09/09/2014  6:00:00 AM,Depth1,0.0432,,
EBSW,09/08/2014  6:00:00 AM,Depth2,0.0436,,
EBSW,09/08/2014  9:00:00 AM,Depth2,0.0436,,
EBSW,09/08/2014  6:00:00 PM,Depth1,0.0436,,
EBSW,10/08/2014  9:00:00 AM,Depth1,0.0436,,
EBSW,09/14/14 12:00:00 PM,Depth2,0.0436,,
EBSW,10/13/14 12:00:00 PM,Depth1,0.0436,,
EBSW,10/08/2014  6:00:00 AM,Depth1,0.0441,,
EBSW,10/13/14 09:00:00 AM,Depth1,0.0441,,
EBSW,09/07/2014  3:00:00 PM,Depth2,0.0445,,
EBSW,10/07/2014  9:00:00 PM,Depth1,0.0445,,
EBSW,10/08/2014  12:00:00 AM,Depth1,0.0445,,
EBSW,10/08/2014  3:00:00 AM,Depth1,0.0445,,
EBSW,09/13/14 09:00:00 PM,Depth2,0.0445,,
EBSW,09/14/14 03:00:00 AM,Depth2,0.0445,,
EBSW,09/14/14 06:00:00 AM,Depth2,0.0445,,
EBSW,09/14/14 09:00:00 AM,Depth2,0.0445,,
EBSW,09/14/14 12:00:00 AM,Depth2,0.0445,,
EBSW,10/13/14 03:00:00 AM,Depth1,0.0445,,
EBSW,10/13/14 06:00:00 AM,Depth1,0.0445,,
EBSW,10/13/14 12:00:00 AM,Depth1,0.0445,,
EBSW,09/08/2014  3:00:00 PM,Depth1,0.0449,,
EBSW,10/07/2014  6:00:00 PM,Depth1,0.0449,,
EBSW,10/12/2014  6:00:00 PM,Depth1,0.0449,,
EBSW,10/12/2014  9:00:00 PM,Depth1,0.0449,,
EBSW,09/13/14 06:00:00 PM,Depth2,0.0449,,
EBSW,09/13/14 03:00:00 PM,Depth2,0.0453,,
EBSW,10/12/2014  3:00:00 PM,Depth1,0.0457,,
EBSW,09/06/2014  6:00:00 PM,Depth2,0.0462,,
EBSW,09/08/2014  12:00:00 PM,Depth1,0.0462,,
EBSW,10/07/2014  3:00:00 PM,Depth1,0.0462,,
EBSW,09/06/2014  9:00:00 PM,Depth2,0.0466,,
EBSW,10/07/2014  12:00:00 PM,Depth1,0.0466,,
EBSW,10/12/2014  6:00:00 AM,Depth1,0.0466,,
EBSW,10/12/2014  9:00:00 AM,Depth1,0.0466,,
EBSW,10/12/2014  12:00:00 PM,Depth1,0.0466,,
EBSW,09/07/2014  12:00:00 AM,Depth2,0.047,,
EBSW,09/07/2014  12:00:00 PM,Depth2,0.047,,
EBSW,10/12/2014  12:00:00 AM,Depth1,0.047,,
EBSW,10/12/2014  3:00:00 AM,Depth1,0.047,,
EBSW,09/13/14 12:00:00 PM,Depth2,0.047,,
EBSW,09/07/2014  3:00:00 AM,Depth2,0.0474,,
EBSW,10/11/2014  6:00:00 PM,Depth1,0.0474,,
EBSW,10/11/2014  9:00:00 PM,Depth1,0.0474,,
EBSW,09/06/2014  3:00:00 PM,Depth2,0.0479,,
EBSW,09/07/2014  6:00:00 AM,Depth2,0.0479,,
EBSW,09/07/2014  9:00:00 AM,Depth2,0.0479,,
EBSW,09/07/2014  9:00:00 PM,Depth1,0.0479,,
EBSW,09/08/2014  12:00:00 AM,Depth1,0.0479,,
EBSW,09/08/2014  6:00:00 AM,Depth1,0.0479,,
EBSW,09/08/2014  9:00:00 AM,Depth1,0.0479,,
EBSW,10/07/2014  6:00:00 AM,Depth1,0.0479,,
EBSW,10/07/2014  9:00:00 AM,Depth1,0.0479,,
EBSW,10/11/2014  3:00:00 PM,Depth1,0.0479,,
EBSW,09/13/14 03:00:00 AM,Depth2,0.0479,,
EBSW,09/13/14 06:00:00 AM,Depth2,0.0479,,
EBSW,09/13/14 09:00:00 AM,Depth2,0.0479,,
EBSW,09/07/2014  6:00:00 PM,Depth1,0.0483,,
EBSW,09/08/2014  3:00:00 AM,Depth1,0.0483,,
EBSW,10/07/2014  3:00:00 AM,Depth1,0.0483,,
EBSW,10/11/2014  6:00:00 AM,Depth1,0.0483,,
EBSW,10/11/2014  9:00:00 AM,Depth1,0.0483,,
EBSW,10/11/2014  12:00:00 PM,Depth1,0.0483,,
EBSW,10/07/2014  12:00:00 AM,Depth1,0.0487,,
EBSW,10/11/2014  12:00:00 AM,Depth1,0.0487,,
EBSW,10/11/2014  3:00:00 AM,Depth1,0.0487,,
EBSW,09/13/14 12:00:00 AM,Depth2,0.0487,,
EBSW,10/06/2014  9:00:00 PM,Depth1,0.0491,,
EBSW,10/10/2014  9:00:00 PM,Depth1,0.0491,,
EBSW,09/05/2014  6:00:00 PM,Depth2,0.0496,,
EBSW,09/05/2014  9:00:00 PM,Depth2,0.0496,,
EBSW,09/06/2014  12:00:00 AM,Depth2,0.0496,,
EBSW,09/06/2014  3:00:00 AM,Depth2,0.0496,,
EBSW,09/06/2014  6:00:00 AM,Depth2,0.0496,,
EBSW,09/06/2014  9:00:00 AM,Depth2,0.0496,,
EBSW,09/06/2014  12:00:00 PM,Depth2,0.0496,,
EBSW,09/07/2014  3:00:00 PM,Depth1,0.0496,,
EBSW,09/11/2014  9:00:00 PM,Depth2,0.0496,,
EBSW,09/12/2014  6:00:00 PM,Depth2,0.0496,,
EBSW,09/12/2014  9:00:00 PM,Depth2,0.0496,,
EBSW,10/06/2014  6:00:00 PM,Depth1,0.0496,,
EBSW,09/06/2014  6:00:00 PM,Depth1,0.05,,
EBSW,10/10/2014  6:00:00 PM,Depth1,0.05,,
EBSW,09/06/2014  9:00:00 PM,Depth1,0.0504,,
EBSW,10/10/2014  3:00:00 PM,Depth1,0.0504,,
EBSW,09/06/2014  3:00:00 PM,Depth1,0.0508,,
EBSW,10/06/2014  3:00:00 PM,Depth1,0.0508,,
EBSW,09/05/2014  3:00:00 PM,Depth2,0.0513,,
EBSW,09/07/2014  12:00:00 AM,Depth1,0.0513,,
EBSW,09/07/2014  3:00:00 AM,Depth1,0.0513,,
EBSW,09/07/2014  12:00:00 PM,Depth1,0.0513,,
EBSW,09/12/2014  3:00:00 PM,Depth2,0.0513,,
EBSW,10/10/2014  12:00:00 PM,Depth1,0.0513,,
EBSW,09/06/2014  12:00:00 PM,Depth1,0.0517,,
EBSW,09/07/2014  6:00:00 AM,Depth1,0.0517,,
EBSW,09/07/2014  9:00:00 AM,Depth1,0.0517,,
EBSW,10/05/2014  6:00:00 AM,Depth2,0.0517,,
EBSW,10/10/2014  6:00:00 AM,Depth1,0.0517,,
EBSW,10/10/2014  9:00:00 AM,Depth1,0.0517,,
EBSW,10/10/2014  12:00:00 AM,Depth1,0.0521,,
EBSW,10/10/2014  3:00:00 AM,Depth1,0.0521,,
EBSW,09/06/2014  12:00:00 AM,Depth1,0.0525,,
EBSW,09/06/2014  3:00:00 AM,Depth1,0.0525,,
EBSW,09/06/2014  6:00:00 AM,Depth1,0.0525,,
EBSW,09/06/2014  9:00:00 AM,Depth1,0.0525,,
EBSW,10/06/2014  12:00:00 PM,Depth1,0.0525,,
EBSW,10/09/2014  9:00:00 PM,Depth1,0.0525,,
EBSW,09/05/2014  6:00:00 PM,Depth1,0.053,,
EBSW,09/05/2014  9:00:00 PM,Depth1,0.053,,
EBSW,09/12/2014  12:00:00 PM,Depth2,0.053,,
EBSW,10/05/2014  12:00:00 AM,Depth1,0.053,,
EBSW,10/09/2014  6:00:00 PM,Depth1,0.053,,
EBSW,09/12/2014  12:00:00 AM,Depth2,0.0534,,
EBSW,09/12/2014  3:00:00 AM,Depth2,0.0538,,
EBSW,09/12/2014  6:00:00 AM,Depth2,0.0538,,
EBSW,09/12/2014  9:00:00 AM,Depth2,0.0538,,
EBSW,10/06/2014  9:00:00 AM,Depth1,0.0538,,
EBSW,10/09/2014  3:00:00 PM,Depth1,0.0538,,
EBSW,09/05/2014  3:00:00 PM,Depth1,0.0542,,
EBSW,10/06/2014  6:00:00 AM,Depth1,0.0547,,
EBSW,09/05/2014  12:00:00 PM,Depth2,0.0551,,
EBSW,10/09/2014  12:00:00 PM,Depth1,0.0551,,
EBSW,10/06/2014  3:00:00 AM,Depth1,0.0555,,
EBSW,10/09/2014  9:00:00 AM,Depth1,0.0555,,
EBSW,09/05/2014  12:00:00 PM,Depth1,0.0559,,
EBSW,10/09/2014  3:00:00 AM,Depth1,0.0564,,
EBSW,10/09/2014  6:00:00 AM,Depth1,0.0564,,
EBSW,10/06/2014  12:00:00 AM,Depth1,0.0568,,
EBSW,10/09/2014  12:00:00 AM,Depth1,0.0572,,
EBSW,09/05/2014  9:00:00 AM,Depth1,0.0576,,
EBSW,10/05/2014  9:00:00 PM,Depth1,0.0576,,
EBSW,09/05/2014  9:00:00 AM,Depth2,0.0581,,
EBSW,10/07/2014  9:00:00 PM,Depth2,0.0581,,
EBSW,10/08/2014  12:00:00 AM,Depth2,0.0581,,
EBSW,10/08/2014  3:00:00 AM,Depth2,0.0581,,
EBSW,10/08/2014  6:00:00 AM,Depth2,0.0581,,
EBSW,10/08/2014  9:00:00 AM,Depth2,0.0581,,
EBSW,10/08/2014  9:00:00 PM,Depth1,0.0581,,
EBSW,10/15/14 06:00:00 PM,Depth2,0.0581,,
EBSW,10/16/14 03:00:00 AM,Depth2,0.0581,,
EBSW,10/16/14 12:00:00 AM,Depth2,0.0581,,
EBSW,09/05/2014  12:00:00 AM,Depth1,0.0585,,
EBSW,09/05/2014  6:00:00 AM,Depth1,0.0585,,
EBSW,10/07/2014  6:00:00 PM,Depth2,0.0585,,
EBSW,10/15/14 03:00:00 PM,Depth2,0.0585,,
EBSW,10/15/14 09:00:00 PM,Depth2,0.0585,,
EBSW,10/15/14 12:00:00 PM,Depth2,0.0585,,
EBSW,10/16/14 06:00:00 AM,Depth2,0.0585,,
EBSW,09/04/2014  6:00:00 PM,Depth2,0.0589,,
EBSW,09/04/2014  9:00:00 PM,Depth1,0.0589,,
EBSW,09/04/2014  9:00:00 PM,Depth2,0.0589,,
EBSW,09/05/2014  12:00:00 AM,Depth2,0.0589,,
EBSW,09/05/2014  3:00:00 AM,Depth1,0.0589,,
EBSW,09/05/2014  3:00:00 AM,Depth2,0.0589,,
EBSW,09/05/2014  6:00:00 AM,Depth2,0.0589,,
EBSW,10/07/2014  3:00:00 PM,Depth2,0.0589,,
EBSW,10/15/14 03:00:00 AM,Depth2,0.0589,,
EBSW,10/15/14 06:00:00 AM,Depth2,0.0589,,
EBSW,10/15/14 09:00:00 AM,Depth2,0.0589,,
EBSW,09/04/2014  6:00:00 PM,Depth1,0.0593,,
EBSW,10/08/2014  6:00:00 PM,Depth1,0.0593,,
EBSW,10/05/2014  6:00:00 PM,Depth1,0.0597,,
EBSW,10/07/2014  12:00:00 PM,Depth2,0.0597,,
EBSW,10/14/14 03:00:00 PM,Depth2,0.0597,,
EBSW,10/14/14 06:00:00 PM,Depth2,0.0597,,
EBSW,10/14/14 09:00:00 PM,Depth2,0.0597,,
EBSW,10/14/14 12:00:00 PM,Depth2,0.0597,,
EBSW,10/15/14 12:00:00 AM,Depth2,0.0597,,
EBSW,10/16/14 09:00:00 AM,Depth2,0.0597,,
EBSW,10/07/2014  3:00:00 AM,Depth2,0.0602,,
EBSW,10/07/2014  6:00:00 AM,Depth2,0.0602,,
EBSW,10/08/2014  3:00:00 PM,Depth1,0.0602,,
EBSW,10/14/14 06:00:00 AM,Depth2,0.0602,,
EBSW,10/14/14 09:00:00 AM,Depth2,0.0602,,
EBSW,09/04/2014  3:00:00 PM,Depth1,0.0606,,
EBSW,10/06/2014  6:00:00 PM,Depth2,0.0606,,
EBSW,10/06/2014  9:00:00 PM,Depth2,0.0606,,
EBSW,10/07/2014  12:00:00 AM,Depth2,0.0606,,
EBSW,10/07/2014  9:00:00 AM,Depth2,0.0606,,
EBSW,10/14/14 03:00:00 AM,Depth2,0.0606,,
EBSW,10/14/14 12:00:00 AM,Depth2,0.0606,,
EBSW,10/16/14 03:00:00 PM,Depth2,0.0606,,
EBSW,10/16/14 12:00:00 PM,Depth2,0.0606,,
EBSW,10/08/2014  12:00:00 PM,Depth1,0.061,,
EBSW,10/13/14 09:00:00 PM,Depth2,0.061,,
EBSW,09/04/2014  3:00:00 PM,Depth2,0.0614,,
EBSW,10/06/2014  3:00:00 PM,Depth2,0.0614,,
EBSW,10/13/14 06:00:00 PM,Depth2,0.0614,,
EBSW,10/16/14 06:00:00 PM,Depth2,0.0614,,
EBSW,09/04/2014  12:00:00 PM,Depth1,0.0623,,
EBSW,10/05/2014  3:00:00 AM,Depth1,0.0623,,
EBSW,10/05/2014  3:00:00 PM,Depth1,0.0631,,
EBSW,10/05/2014  6:00:00 PM,Depth2,0.0631,,
EBSW,10/05/2014  9:00:00 PM,Depth2,0.0631,,
EBSW,10/06/2014  12:00:00 AM,Depth2,0.0631,,
EBSW,10/06/2014  6:00:00 AM,Depth2,0.0631,,
EBSW,10/06/2014  9:00:00 AM,Depth2,0.0631,,
EBSW,10/06/2014  12:00:00 PM,Depth2,0.0631,,
EBSW,10/13/14 03:00:00 PM,Depth2,0.0631,,
EBSW,10/06/2014  3:00:00 AM,Depth2,0.0636,,
EBSW,10/13/14 12:00:00 PM,Depth2,0.0636,,
EBSW,09/04/2014  6:00:00 AM,Depth1,0.064,,
EBSW,10/05/2014  3:00:00 PM,Depth2,0.064,,
EBSW,10/13/14 09:00:00 AM,Depth2,0.064,,
EBSW,09/04/2014  12:00:00 AM,Depth1,0.0644,,
EBSW,09/04/2014  9:00:00 AM,Depth1,0.0644,,
EBSW,10/05/2014  6:00:00 AM,Depth1,0.0644,,
EBSW,10/17/14 03:00:00 AM,Depth1,0.0644,,
EBSW,09/03/2014  9:00:00 PM,Depth1,0.0648,,
EBSW,09/04/2014  3:00:00 AM,Depth1,0.0648,,
EBSW,10/13/14 03:00:00 AM,Depth2,0.0648,,
EBSW,10/13/14 06:00:00 AM,Depth2,0.0648,,
EBSW,10/16/14 09:00:00 PM,Depth2,0.0648,,
EBSW,09/03/2014  6:00:00 PM,Depth1,0.0653,,
EBSW,09/04/2014  12:00:00 PM,Depth2,0.0653,,
EBSW,10/05/2014  12:00:00 PM,Depth2,0.0653,,
EBSW,10/13/14 12:00:00 AM,Depth2,0.0657,,
EBSW,09/03/2014  3:00:00 PM,Depth1,0.0661,,
EBSW,09/04/2014  9:00:00 AM,Depth2,0.0665,,
EBSW,10/12/2014  6:00:00 PM,Depth2,0.0665,,
EBSW,10/12/2014  9:00:00 PM,Depth2,0.0665,,
EBSW,09/01/2014  3:00:00 PM,Depth1,0.0674,,
EBSW,09/01/2014  6:00:00 PM,Depth1,0.0674,,
EBSW,09/01/2014  9:00:00 PM,Depth1,0.0674,,
EBSW,09/02/2014  6:00:00 PM,Depth1,0.0674,,
EBSW,09/02/2014  9:00:00 PM,Depth1,0.0674,,
EBSW,09/03/2014  12:00:00 AM,Depth1,0.0674,,
EBSW,09/03/2014  3:00:00 AM,Depth1,0.0674,,
EBSW,09/03/2014  9:00:00 AM,Depth1,0.0674,,
EBSW,09/03/2014  12:00:00 PM,Depth1,0.0674,,
EBSW,09/04/2014  12:00:00 AM,Depth2,0.0674,,
EBSW,09/04/2014  3:00:00 AM,Depth2,0.0674,,
EBSW,10/05/2014  9:00:00 AM,Depth2,0.0674,,
EBSW,10/12/2014  3:00:00 PM,Depth2,0.0674,,
EBSW,09/02/2014  12:00:00 AM,Depth1,0.0678,,
EBSW,09/02/2014  3:00:00 PM,Depth1,0.0678,,
EBSW,09/03/2014  6:00:00 AM,Depth1,0.0678,,
EBSW,09/02/2014  3:00:00 AM,Depth1,0.0682,,
EBSW,09/02/2014  6:00:00 AM,Depth1,0.0682,,
EBSW,09/02/2014  9:00:00 AM,Depth1,0.0682,,
EBSW,09/02/2014  12:00:00 PM,Depth1,0.0682,,
EBSW,09/03/2014  6:00:00 PM,Depth2,0.0682,,
EBSW,09/03/2014  9:00:00 PM,Depth2,0.0682,,
EBSW,09/04/2014  6:00:00 AM,Depth2,0.0682,,
EBSW,10/05/2014  12:00:00 PM,Depth1,0.0682,,
EBSW,08/31/14 09:00:00 PM,Depth1,0.0682,,
EBSW,09/01/2014  12:00:00 AM,Depth1,0.0687,,
EBSW,09/01/2014  6:00:00 AM,Depth1,0.0687,,
EBSW,09/01/2014  12:00:00 PM,Depth1,0.0687,,
EBSW,10/12/2014  12:00:00 PM,Depth2,0.0687,,
EBSW,08/31/14 06:00:00 PM,Depth1,0.0687,,
EBSW,09/01/2014  3:00:00 AM,Depth1,0.0691,,
EBSW,09/01/2014  9:00:00 AM,Depth1,0.0691,,
EBSW,10/12/2014  9:00:00 AM,Depth2,0.0691,,
EBSW,08/31/14 03:00:00 PM,Depth1,0.0691,,
EBSW,10/17/14 12:00:00 AM,Depth2,0.0691,,
EBSW,09/03/2014  3:00:00 PM,Depth2,0.0699,,
EBSW,10/11/2014  9:00:00 PM,Depth2,0.0699,,
EBSW,10/12/2014  12:00:00 AM,Depth2,0.0699,,
EBSW,10/12/2014  3:00:00 AM,Depth2,0.0699,,
EBSW,10/12/2014  6:00:00 AM,Depth2,0.0699,,
EBSW,08/31/14 09:00:00 AM,Depth1,0.0699,,
EBSW,08/31/14 12:00:00 PM,Depth1,0.0699,,
EBSW,08/30/14 06:00:00 PM,Depth1,0.0704,,
EBSW,08/31/14 06:00:00 AM,Depth1,0.0704,,
EBSW,10/11/2014  6:00:00 PM,Depth2,0.0708,,
EBSW,08/30/14 09:00:00 PM,Depth1,0.0708,,
EBSW,08/31/14 03:00:00 AM,Depth1,0.0708,,
EBSW,08/31/14 12:00:00 AM,Depth1,0.0708,,
EBSW,10/11/2014  3:00:00 PM,Depth2,0.0712,,
EBSW,10/11/2014  9:00:00 AM,Depth2,0.0716,,
EBSW,10/11/2014  12:00:00 PM,Depth2,0.0716,,
EBSW,08/30/14 03:00:00 PM,Depth1,0.0716,,
EBSW,10/05/2014  9:00:00 AM,Depth1,0.072,,
EBSW,10/11/2014  12:00:00 AM,Depth2,0.0725,,
EBSW,10/11/2014  3:00:00 AM,Depth2,0.0725,,
EBSW,10/11/2014  6:00:00 AM,Depth2,0.0725,,
EBSW,08/30/14 12:00:00 PM,Depth1,0.0729,,
EBSW,10/10/2014  6:00:00 PM,Depth2,0.0733,,
EBSW,10/10/2014  9:00:00 PM,Depth2,0.0733,,
EBSW,08/30/14 09:00:00 AM,Depth1,0.0733,,
EBSW,09/02/2014  6:00:00 PM,Depth2,0.0737,,
EBSW,08/30/14 06:00:00 AM,Depth1,0.0737,,
EBSW,09/01/2014  6:00:00 PM,Depth2,0.0742,,
EBSW,09/02/2014  3:00:00 PM,Depth2,0.0742,,
EBSW,09/02/2014  9:00:00 PM,Depth2,0.0742,,
EBSW,09/03/2014  12:00:00 AM,Depth2,0.0742,,
EBSW,09/03/2014  3:00:00 AM,Depth2,0.0742,,
EBSW,09/03/2014  6:00:00 AM,Depth2,0.0742,,
EBSW,09/03/2014  12:00:00 PM,Depth2,0.0742,,
EBSW,08/30/14 03:00:00 AM,Depth1,0.0742,,
EBSW,08/30/14 12:00:00 AM,Depth1,0.0742,,
EBSW,09/01/2014  9:00:00 PM,Depth2,0.0746,,
EBSW,08/29/14 09:00:00 PM,Depth1,0.0746,,
EBSW,09/02/2014  12:00:00 AM,Depth2,0.075,,
EBSW,09/02/2014  3:00:00 AM,Depth2,0.075,,
EBSW,09/02/2014  6:00:00 AM,Depth2,0.075,,
EBSW,09/02/2014  9:00:00 AM,Depth2,0.075,,
EBSW,09/02/2014  12:00:00 PM,Depth2,0.075,,
EBSW,09/03/2014  9:00:00 AM,Depth2,0.075,,
EBSW,10/10/2014  3:00:00 PM,Depth2,0.075,,
EBSW,08/29/14 06:00:00 PM,Depth1,0.075,,
EBSW,08/29/14 03:00:00 PM,Depth1,0.0763,,
EBSW,09/01/2014  3:00:00 PM,Depth2,0.0767,,
EBSW,10/10/2014  12:00:00 AM,Depth2,0.0767,,
EBSW,10/10/2014  3:00:00 AM,Depth2,0.0767,,
EBSW,10/10/2014  6:00:00 AM,Depth2,0.0767,,
EBSW,10/10/2014  9:00:00 AM,Depth2,0.0767,,
EBSW,10/10/2014  12:00:00 PM,Depth2,0.0767,,
EBSW,10/09/2014  9:00:00 PM,Depth2,0.0776,,
EBSW,08/29/14 12:00:00 PM,Depth1,0.0776,,
EBSW,10/08/2014  3:00:00 PM,Depth2,0.0784,,
EBSW,10/08/2014  6:00:00 PM,Depth2,0.0784,,
EBSW,10/08/2014  9:00:00 PM,Depth2,0.0784,,
EBSW,10/09/2014  6:00:00 PM,Depth2,0.0784,,
EBSW,08/28/14 09:00:00 PM,Depth1,0.0784,,
EBSW,08/29/14 09:00:00 AM,Depth1,0.0784,,
EBSW,08/29/14 12:00:00 AM,Depth1,0.0784,,
EBSW,09/01/2014  12:00:00 PM,Depth2,0.0788,,
EBSW,10/09/2014  3:00:00 PM,Depth2,0.0788,,
EBSW,08/28/14 06:00:00 PM,Depth1,0.0788,,
EBSW,08/29/14 03:00:00 AM,Depth1,0.0788,,
EBSW,08/29/14 06:00:00 AM,Depth1,0.0788,,
EBSW,09/01/2014  12:00:00 AM,Depth2,0.0793,,
EBSW,09/01/2014  3:00:00 AM,Depth2,0.0793,,
EBSW,09/01/2014  6:00:00 AM,Depth2,0.0793,,
EBSW,10/09/2014  12:00:00 AM,Depth2,0.0793,,
EBSW,10/09/2014  3:00:00 AM,Depth2,0.0793,,
EBSW,08/31/14 06:00:00 PM,Depth2,0.0793,,
EBSW,08/31/14 09:00:00 PM,Depth2,0.0793,,
EBSW,09/01/2014  9:00:00 AM,Depth2,0.0801,,
EBSW,10/09/2014  6:00:00 AM,Depth2,0.0801,,
EBSW,10/09/2014  9:00:00 AM,Depth2,0.0801,,
EBSW,10/09/2014  12:00:00 PM,Depth2,0.0801,,
EBSW,08/28/14 03:00:00 PM,Depth1,0.0801,,
EBSW,08/31/14 03:00:00 PM,Depth2,0.0801,,
EBSW,08/28/14 12:00:00 PM,Depth1,0.081,,
EBSW,08/30/14 09:00:00 PM,Depth2,0.0818,,
EBSW,08/31/14 03:00:00 AM,Depth2,0.0818,,
EBSW,08/31/14 06:00:00 AM,Depth2,0.0818,,
EBSW,08/31/14 12:00:00 AM,Depth2,0.0818,,
EBSW,08/31/14 12:00:00 PM,Depth2,0.0818,,
EBSW,08/28/14 03:00:00 AM,Depth1,0.0822,,
EBSW,08/28/14 06:00:00 AM,Depth1,0.0822,,
EBSW,08/28/14 09:00:00 AM,Depth1,0.0822,,
EBSW,08/28/14 12:00:00 AM,Depth1,0.0822,,
EBSW,08/31/14 09:00:00 AM,Depth2,0.0822,,
EBSW,08/27/14 06:00:00 PM,Depth1,0.0827,,
EBSW,08/27/14 09:00:00 PM,Depth1,0.0831,,
EBSW,10/08/2014  12:00:00 PM,Depth2,0.0835,,
EBSW,08/27/14 03:00:00 PM,Depth1,0.0835,,
EBSW,08/30/14 06:00:00 PM,Depth2,0.0835,,
EBSW,08/27/14 12:00:00 PM,Depth1,0.0852,,
EBSW,08/30/14 03:00:00 PM,Depth2,0.0852,,
EBSW,08/26/14 09:00:00 PM,Depth1,0.0865,,
EBSW,08/27/14 06:00:00 AM,Depth1,0.0865,,
EBSW,08/27/14 09:00:00 AM,Depth1,0.0865,,
EBSW,08/27/14 12:00:00 AM,Depth1,0.0865,,
EBSW,08/26/14 06:00:00 PM,Depth1,0.0869,,
EBSW,08/27/14 03:00:00 AM,Depth1,0.0869,,
EBSW,08/26/14 03:00:00 PM,Depth1,0.0877,,
EBSW,08/30/14 12:00:00 PM,Depth2,0.0877,,
EBSW,08/26/14 12:00:00 PM,Depth1,0.0886,,
EBSW,08/26/14 09:00:00 AM,Depth1,0.0894,,
EBSW,08/26/14 06:00:00 AM,Depth1,0.0899,,
EBSW,08/25/14 06:00:00 PM,Depth1,0.0903,,
EBSW,08/25/14 09:00:00 PM,Depth1,0.0903,,
EBSW,08/26/14 03:00:00 AM,Depth1,0.0903,,
EBSW,08/26/14 12:00:00 AM,Depth1,0.0903,,
EBSW,08/30/14 03:00:00 AM,Depth2,0.0903,,
EBSW,08/30/14 06:00:00 AM,Depth2,0.0903,,
EBSW,08/30/14 09:00:00 AM,Depth2,0.0903,,
EBSW,08/30/14 12:00:00 AM,Depth2,0.0903,,
EBSW,08/25/14 03:00:00 PM,Depth1,0.0911,,
EBSW,08/29/14 09:00:00 PM,Depth2,0.0911,,
EBSW,08/25/14 12:00:00 PM,Depth1,0.0928,,
EBSW,08/29/14 06:00:00 PM,Depth2,0.0928,,
EBSW,08/25/14 03:00:00 AM,Depth1,0.0941,,
EBSW,08/25/14 06:00:00 AM,Depth1,0.0941,,
EBSW,08/25/14 09:00:00 AM,Depth1,0.0941,,
EBSW,08/24/14 09:00:00 PM,Depth1,0.0945,,
EBSW,08/25/14 12:00:00 AM,Depth1,0.0945,,
EBSW,08/29/14 03:00:00 PM,Depth2,0.0945,,
EBSW,08/24/14 06:00:00 PM,Depth1,0.095,,
EBSW,08/24/14 03:00:00 PM,Depth1,0.0954,,
EBSW,08/24/14 12:00:00 PM,Depth1,0.0967,,
EBSW,08/29/14 12:00:00 PM,Depth2,0.0971,,
EBSW,08/24/14 09:00:00 AM,Depth1,0.0979,,
EBSW,08/23/14 06:00:00 PM,Depth1,0.0983,,
EBSW,08/23/14 09:00:00 PM,Depth1,0.0983,,
EBSW,08/24/14 03:00:00 AM,Depth1,0.0983,,
EBSW,08/24/14 06:00:00 AM,Depth1,0.0983,,
EBSW,08/24/14 12:00:00 AM,Depth1,0.0983,,
EBSW,08/23/14 03:00:00 PM,Depth1,0.0988,,
EBSW,08/29/14 03:00:00 AM,Depth2,0.0992,,
EBSW,08/29/14 06:00:00 AM,Depth2,0.0992,,
EBSW,08/29/14 09:00:00 AM,Depth2,0.0992,,
EBSW,08/29/14 12:00:00 AM,Depth2,0.0992,,
EBSW,08/23/14 12:00:00 PM,Depth1,0.0996,,
EBSW,08/28/14 09:00:00 PM,Depth2,0.0996,,
EBSW,08/23/14 03:00:00 AM,Depth1,0.1005,,
EBSW,08/23/14 09:00:00 AM,Depth1,0.1005,,
EBSW,08/22/14 03:00:00 PM,Depth1,0.1009,,
EBSW,08/22/14 06:00:00 PM,Depth1,0.1009,,
EBSW,08/22/14 09:00:00 PM,Depth1,0.1009,,
EBSW,08/23/14 06:00:00 AM,Depth1,0.1009,,
EBSW,08/23/14 12:00:00 AM,Depth1,0.1009,,
EBSW,08/28/14 06:00:00 PM,Depth2,0.1009,,
EBSW,08/22/14 12:00:00 PM,Depth1,0.1017,,
EBSW,08/21/14 06:00:00 PM,Depth1,0.1022,,
EBSW,08/21/14 09:00:00 PM,Depth1,0.1022,,
EBSW,08/22/14 03:00:00 AM,Depth1,0.1022,,
EBSW,08/22/14 06:00:00 AM,Depth1,0.1022,,
EBSW,08/22/14 09:00:00 AM,Depth1,0.1022,,
EBSW,08/22/14 12:00:00 AM,Depth1,0.1022,,
EBSW,08/21/14 03:00:00 PM,Depth1,0.1026,,
EBSW,08/21/14 12:00:00 PM,Depth1,0.1034,,
EBSW,08/28/14 03:00:00 PM,Depth2,0.1039,,
EBSW,08/20/14 06:00:00 PM,Depth1,0.1047,,
EBSW,08/20/14 09:00:00 PM,Depth1,0.1047,,
EBSW,08/21/14 03:00:00 AM,Depth1,0.1047,,
EBSW,08/21/14 06:00:00 AM,Depth1,0.1047,,
EBSW,08/21/14 09:00:00 AM,Depth1,0.1047,,
EBSW,08/21/14 12:00:00 AM,Depth1,0.1047,,
EBSW,08/20/14 03:00:00 PM,Depth1,0.1056,,
EBSW,08/28/14 12:00:00 PM,Depth2,0.106,,
EBSW,08/20/14 12:00:00 PM,Depth1,0.1068,,
EBSW,08/28/14 09:00:00 AM,Depth2,0.1081,,
EBSW,08/27/14 09:00:00 PM,Depth2,0.109,,
EBSW,08/28/14 03:00:00 AM,Depth2,0.109,,
EBSW,08/28/14 06:00:00 AM,Depth2,0.109,,
EBSW,08/28/14 12:00:00 AM,Depth2,0.109,,
EBSW,08/27/14 06:00:00 PM,Depth2,0.1098,,
EBSW,08/27/14 03:00:00 PM,Depth2,0.1115,,
EBSW,08/27/14 12:00:00 PM,Depth2,0.1145,,
EBSW,08/27/14 09:00:00 AM,Depth2,0.1157,,
EBSW,08/26/14 09:00:00 PM,Depth2,0.1174,,
EBSW,08/27/14 03:00:00 AM,Depth2,0.1174,,
EBSW,08/27/14 06:00:00 AM,Depth2,0.1174,,
EBSW,08/27/14 12:00:00 AM,Depth2,0.1174,,
EBSW,08/26/14 06:00:00 PM,Depth2,0.1179,,
EBSW,08/26/14 03:00:00 PM,Depth2,0.1191,,
EBSW,10/21/14 09:00:00 PM,Depth1,0.1213,,
EBSW,08/26/14 12:00:00 PM,Depth2,0.1217,,
EBSW,10/21/14 03:00:00 PM,Depth1,0.1217,,
EBSW,10/21/14 06:00:00 PM,Depth1,0.1217,,
EBSW,10/21/14 12:00:00 PM,Depth1,0.1225,,
EBSW,10/22/14 12:00:00 AM,Depth1,0.1225,,
EBSW,10/21/14 09:00:00 AM,Depth1,0.123,,
EBSW,08/26/14 09:00:00 AM,Depth2,0.1234,,
EBSW,10/21/14 06:00:00 AM,Depth1,0.1238,,
EBSW,08/25/14 06:00:00 PM,Depth2,0.1242,,
EBSW,08/25/14 09:00:00 PM,Depth2,0.1242,,
EBSW,08/26/14 03:00:00 AM,Depth2,0.1242,,
EBSW,08/26/14 06:00:00 AM,Depth2,0.1242,,
EBSW,08/26/14 12:00:00 AM,Depth2,0.1242,,
EBSW,10/21/14 03:00:00 AM,Depth1,0.1242,,
EBSW,10/20/14 09:00:00 PM,Depth1,0.1246,,
EBSW,10/21/14 12:00:00 AM,Depth1,0.1246,,
EBSW,10/22/14 03:00:00 AM,Depth1,0.1255,,
EBSW,08/25/14 03:00:00 PM,Depth2,0.1259,,
EBSW,10/20/14 06:00:00 PM,Depth1,0.1259,,
EBSW,10/20/14 03:00:00 PM,Depth1,0.1263,,
EBSW,10/22/14 06:00:00 AM,Depth1,0.1263,,
EBSW,10/20/14 12:00:00 PM,Depth1,0.1268,,
EBSW,10/22/14 09:00:00 AM,Depth1,0.1276,,
EBSW,10/20/14 09:00:00 AM,Depth1,0.128,,
EBSW,08/25/14 12:00:00 PM,Depth2,0.1285,,
EBSW,10/20/14 06:00:00 AM,Depth1,0.1293,,
EBSW,10/20/14 03:00:00 AM,Depth1,0.1297,,
EBSW,08/24/14 09:00:00 PM,Depth2,0.131,,
EBSW,08/25/14 03:00:00 AM,Depth2,0.131,,
EBSW,08/25/14 06:00:00 AM,Depth2,0.131,,
EBSW,08/25/14 09:00:00 AM,Depth2,0.131,,
EBSW,08/25/14 12:00:00 AM,Depth2,0.131,,
EBSW,10/20/14 12:00:00 AM,Depth1,0.131,,
EBSW,10/22/14 12:00:00 PM,Depth1,0.131,,
EBSW,08/24/14 06:00:00 PM,Depth2,0.1314,,
EBSW,10/19/14 09:00:00 PM,Depth1,0.1314,,
EBSW,10/19/14 06:00:00 PM,Depth1,0.1323,,
EBSW,08/24/14 03:00:00 PM,Depth2,0.1327,,
EBSW,10/19/14 03:00:00 PM,Depth1,0.1331,,
EBSW,10/19/14 12:00:00 PM,Depth1,0.1344,,
EBSW,08/24/14 12:00:00 PM,Depth2,0.1353,,
EBSW,10/19/14 09:00:00 AM,Depth1,0.1361,,
EBSW,08/24/14 09:00:00 AM,Depth2,0.1365,,
EBSW,10/19/14 06:00:00 AM,Depth1,0.1374,,
EBSW,08/23/14 06:00:00 PM,Depth2,0.1378,,
EBSW,08/23/14 09:00:00 PM,Depth2,0.1378,,
EBSW,08/24/14 03:00:00 AM,Depth2,0.1378,,
EBSW,08/24/14 06:00:00 AM,Depth2,0.1378,,
EBSW,08/24/14 12:00:00 AM,Depth2,0.1378,,
EBSW,08/23/14 03:00:00 PM,Depth2,0.1386,,
EBSW,08/23/14 12:00:00 PM,Depth2,0.1395,,
EBSW,10/19/14 03:00:00 AM,Depth1,0.1395,,
EBSW,11/02/2014  6:00:00 AM,Depth1,0.1399,,
EBSW,11/02/2014  9:00:00 AM,Depth1,0.1399,,
EBSW,11/02/2014  12:00:00 PM,Depth1,0.1399,,
EBSW,11/02/2014  3:00:00 PM,Depth1,0.1399,,
EBSW,11/01/2014  6:00:00 PM,Depth1,0.1403,,
EBSW,11/01/2014  9:00:00 PM,Depth1,0.1403,,
EBSW,11/02/2014  12:00:00 AM,Depth1,0.1403,,
EBSW,11/02/2014  3:00:00 AM,Depth1,0.1403,,
EBSW,11/02/2014  6:00:00 PM,Depth1,0.1403,,
EBSW,11/02/2014  9:00:00 PM,Depth1,0.1403,,
EBSW,11/03/2014  12:00:00 AM,Depth1,0.1403,,
EBSW,11/01/2014  3:00:00 PM,Depth1,0.1408,,
EBSW,11/03/2014  3:00:00 AM,Depth1,0.1408,,
EBSW,11/03/2014  6:00:00 AM,Depth1,0.1408,,
EBSW,11/03/2014  9:00:00 AM,Depth1,0.1408,,
EBSW,11/03/2014  12:00:00 PM,Depth1,0.1408,,
EBSW,11/03/2014  6:00:00 PM,Depth1,0.1408,,
EBSW,11/03/2014  9:00:00 PM,Depth1,0.1408,,
EBSW,11/01/2014  9:00:00 AM,Depth1,0.1412,,
EBSW,11/01/2014  12:00:00 PM,Depth1,0.1412,,
EBSW,11/03/2014  3:00:00 PM,Depth1,0.1412,,
EBSW,11/04/2014  12:00:00 AM,Depth1,0.1412,,
EBSW,08/22/14 09:00:00 PM,Depth2,0.1412,,
EBSW,08/23/14 03:00:00 AM,Depth2,0.1412,,
EBSW,08/23/14 06:00:00 AM,Depth2,0.1412,,
EBSW,08/23/14 09:00:00 AM,Depth2,0.1412,,
EBSW,08/23/14 12:00:00 AM,Depth2,0.1412,,
EBSW,10/19/14 12:00:00 AM,Depth1,0.1412,,
EBSW,11/01/2014  6:00:00 AM,Depth1,0.1416,,
EBSW,11/04/2014  3:00:00 AM,Depth1,0.1416,,
EBSW,11/04/2014  6:00:00 AM,Depth1,0.1416,,
EBSW,11/04/2014  9:00:00 AM,Depth1,0.1416,,
EBSW,11/04/2014  12:00:00 PM,Depth1,0.1416,,
EBSW,08/22/14 03:00:00 PM,Depth2,0.1416,,
EBSW,08/22/14 06:00:00 PM,Depth2,0.1416,,
EBSW,11/01/2014  3:00:00 AM,Depth1,0.142,,
EBSW,11/04/2014  3:00:00 PM,Depth1,0.142,,
EBSW,11/04/2014  6:00:00 PM,Depth1,0.1425,,
EBSW,11/01/2014  12:00:00 AM,Depth1,0.1429,,
EBSW,11/04/2014  9:00:00 PM,Depth1,0.1429,,
EBSW,11/05/2014  12:00:00 AM,Depth1,0.1429,,
EBSW,10/31/14 09:00:00 PM,Depth1,0.1429,,
EBSW,11/05/2014  3:00:00 AM,Depth1,0.1433,,
EBSW,10/31/14 06:00:00 PM,Depth1,0.1437,,
EBSW,08/21/14 03:00:00 PM,Depth2,0.1446,,
EBSW,08/21/14 06:00:00 PM,Depth2,0.1446,,
EBSW,08/21/14 09:00:00 PM,Depth2,0.1446,,
EBSW,08/22/14 03:00:00 AM,Depth2,0.1446,,
EBSW,08/22/14 06:00:00 AM,Depth2,0.1446,,
EBSW,08/22/14 09:00:00 AM,Depth2,0.1446,,
EBSW,08/22/14 12:00:00 AM,Depth2,0.1446,,
EBSW,08/22/14 12:00:00 PM,Depth2,0.1446,,
EBSW,10/18/14 09:00:00 PM,Depth1,0.1446,,
EBSW,10/31/14 03:00:00 PM,Depth1,0.145,,
EBSW,10/31/14 12:00:00 PM,Depth1,0.1459,,
EBSW,08/21/14 12:00:00 PM,Depth2,0.1463,,
EBSW,08/21/14 09:00:00 AM,Depth2,0.1471,,
EBSW,10/31/14 09:00:00 AM,Depth1,0.1471,,
EBSW,08/20/14 09:00:00 PM,Depth2,0.148,,
EBSW,08/21/14 03:00:00 AM,Depth2,0.148,,
EBSW,08/21/14 06:00:00 AM,Depth2,0.148,,
EBSW,08/21/14 12:00:00 AM,Depth2,0.148,,
EBSW,10/29/14 09:00:00 PM,Depth1,0.148,,
EBSW,10/31/14 06:00:00 AM,Depth1,0.148,,
EBSW,08/20/14 06:00:00 PM,Depth2,0.1484,,
EBSW,10/29/14 06:00:00 PM,Depth1,0.1484,,
EBSW,10/29/14 03:00:00 PM,Depth1,0.1488,,
EBSW,10/29/14 12:00:00 PM,Depth1,0.1488,,
EBSW,10/18/14 06:00:00 PM,Depth1,0.1493,,
EBSW,10/29/14 09:00:00 AM,Depth1,0.1493,,
EBSW,10/31/14 03:00:00 AM,Depth1,0.1493,,
EBSW,08/20/14 03:00:00 PM,Depth2,0.1497,,
EBSW,10/29/14 06:00:00 AM,Depth1,0.1501,,
EBSW,10/31/14 12:00:00 AM,Depth1,0.1505,,
EBSW,10/29/14 03:00:00 AM,Depth1,0.151,,
EBSW,10/30/14 12:00:00 AM,Depth1,0.151,,
EBSW,08/20/14 12:00:00 PM,Depth2,0.1514,,
EBSW,10/29/14 12:00:00 AM,Depth1,0.1518,,
EBSW,10/28/14 09:00:00 PM,Depth1,0.1526,,
EBSW,10/30/14 09:00:00 PM,Depth1,0.1526,,
EBSW,11/17/14 06:00:00 AM,Depth1,0.1526,,
EBSW,11/17/14 09:00:00 AM,Depth1,0.1526,,
EBSW,11/17/14 12:00:00 PM,Depth1,0.1526,,
EBSW,11/17/14 03:00:00 AM,Depth1,0.1531,,
EBSW,11/17/14 03:00:00 PM,Depth1,0.1531,,
EBSW,11/17/14 12:00:00 AM,Depth1,0.1531,,
EBSW,11/16/14 09:00:00 PM,Depth1,0.1535,,
EBSW,10/28/14 06:00:00 PM,Depth1,0.1539,,
EBSW,11/16/14 03:00:00 PM,Depth1,0.1539,,
EBSW,11/16/14 06:00:00 PM,Depth1,0.1539,,
EBSW,10/18/14 03:00:00 PM,Depth1,0.1543,,
EBSW,11/16/14 12:00:00 PM,Depth1,0.1543,,
EBSW,10/30/14 03:00:00 AM,Depth1,0.1548,,
EBSW,11/16/14 06:00:00 AM,Depth1,0.1548,,
EBSW,11/16/14 09:00:00 AM,Depth1,0.1548,,
EBSW,10/28/14 03:00:00 PM,Depth1,0.1552,,
EBSW,10/30/14 06:00:00 PM,Depth1,0.1552,,
EBSW,11/16/14 03:00:00 AM,Depth1,0.1552,,
EBSW,11/16/14 12:00:00 AM,Depth1,0.156,,
EBSW,11/17/14 06:00:00 PM,Depth1,0.156,,
EBSW,11/15/14 09:00:00 PM,Depth1,0.1565,,
EBSW,11/15/14 06:00:00 PM,Depth1,0.1569,,
EBSW,10/28/14 12:00:00 PM,Depth1,0.1582,,
EBSW,10/30/14 03:00:00 PM,Depth1,0.1582,,
EBSW,11/15/14 03:00:00 PM,Depth1,0.1582,,
EBSW,11/15/14 09:00:00 AM,Depth1,0.1582,,
EBSW,11/15/14 12:00:00 PM,Depth1,0.1582,,
EBSW,11/15/14 06:00:00 AM,Depth1,0.1586,,
EBSW,11/15/14 03:00:00 AM,Depth1,0.1594,,
EBSW,11/14/14 09:00:00 PM,Depth1,0.1599,,
EBSW,11/15/14 12:00:00 AM,Depth1,0.1599,,
EBSW,10/30/14 06:00:00 AM,Depth1,0.1603,,
EBSW,10/28/14 09:00:00 AM,Depth1,0.1607,,
EBSW,10/30/14 12:00:00 PM,Depth1,0.1607,,
EBSW,11/14/14 06:00:00 PM,Depth1,0.1607,,
EBSW,10/30/14 09:00:00 AM,Depth1,0.1616,,
EBSW,11/14/14 03:00:00 PM,Depth1,0.162,,
EBSW,11/14/14 12:00:00 PM,Depth1,0.1624,,
EBSW,10/28/14 06:00:00 AM,Depth1,0.1628,,
EBSW,11/14/14 09:00:00 AM,Depth1,0.1633,,
EBSW,11/14/14 06:00:00 AM,Depth1,0.1637,,
EBSW,10/18/14 12:00:00 PM,Depth1,0.1654,,
EBSW,11/14/14 03:00:00 AM,Depth1,0.1654,,
EBSW,10/28/14 03:00:00 AM,Depth1,0.1662,,
EBSW,11/14/14 12:00:00 AM,Depth1,0.1662,,
EBSW,11/05/2014  6:00:00 AM,Depth1,0.1666,,
EBSW,11/13/14 09:00:00 PM,Depth1,0.1675,,
EBSW,11/13/14 06:00:00 PM,Depth1,0.1688,,
EBSW,11/13/14 03:00:00 PM,Depth1,0.1713,,
EBSW,10/22/14 03:00:00 PM,Depth1,0.1717,,
EBSW,10/18/14 09:00:00 AM,Depth1,0.173,,
EBSW,10/28/14 12:00:00 AM,Depth1,0.1743,,
EBSW,11/21/14 12:00:00 PM,Depth1,0.1743,,
EBSW,10/21/14 09:00:00 PM,Depth2,0.1751,,
EBSW,10/21/14 06:00:00 PM,Depth2,0.1756,,
EBSW,10/21/14 03:00:00 PM,Depth2,0.176,,
EBSW,10/22/14 12:00:00 AM,Depth2,0.176,,
EBSW,10/21/14 12:00:00 PM,Depth2,0.1768,,
EBSW,10/21/14 09:00:00 AM,Depth2,0.1773,,
EBSW,11/13/14 12:00:00 PM,Depth1,0.1773,,
EBSW,10/21/14 03:00:00 AM,Depth2,0.1777,,
EBSW,10/21/14 06:00:00 AM,Depth2,0.1777,,
EBSW,10/20/14 09:00:00 PM,Depth2,0.1785,,
EBSW,10/21/14 12:00:00 AM,Depth2,0.1785,,
EBSW,10/22/14 03:00:00 AM,Depth2,0.1785,,
EBSW,10/20/14 06:00:00 PM,Depth2,0.1794,,
EBSW,11/13/14 09:00:00 AM,Depth1,0.1798,,
EBSW,10/20/14 03:00:00 PM,Depth2,0.1802,,
EBSW,10/20/14 09:00:00 AM,Depth2,0.1802,,
EBSW,10/20/14 12:00:00 PM,Depth2,0.1802,,
EBSW,10/22/14 06:00:00 AM,Depth2,0.1802,,
EBSW,10/20/14 03:00:00 AM,Depth2,0.1811,,
EBSW,10/20/14 06:00:00 AM,Depth2,0.1811,,
EBSW,11/21/14 09:00:00 AM,Depth1,0.1811,,
EBSW,10/19/14 09:00:00 PM,Depth2,0.1819,,
EBSW,10/20/14 12:00:00 AM,Depth2,0.1819,,
EBSW,10/19/14 06:00:00 PM,Depth2,0.1823,,
EBSW,10/22/14 09:00:00 AM,Depth2,0.1828,,
EBSW,10/19/14 03:00:00 PM,Depth2,0.1836,,
EBSW,10/19/14 12:00:00 PM,Depth2,0.1836,,
EBSW,11/13/14 06:00:00 AM,Depth1,0.1836,,
EBSW,10/27/14 09:00:00 PM,Depth1,0.1857,,
EBSW,10/19/14 09:00:00 AM,Depth2,0.1862,,
EBSW,11/21/14 06:00:00 AM,Depth1,0.1862,,
EBSW,10/19/14 06:00:00 AM,Depth2,0.187,,
EBSW,10/18/14 06:00:00 AM,Depth1,0.1887,,
EBSW,10/19/14 03:00:00 AM,Depth2,0.1896,,
EBSW,10/22/14 12:00:00 PM,Depth2,0.1896,,
EBSW,10/27/14 06:00:00 PM,Depth1,0.1896,,
EBSW,10/19/14 12:00:00 AM,Depth2,0.1908,,
EBSW,11/13/14 03:00:00 AM,Depth1,0.1908,,
EBSW,11/13/14 12:00:00 AM,Depth1,0.1912,,
EBSW,11/02/2014  9:00:00 AM,Depth2,0.1921,,
EBSW,11/02/2014  12:00:00 PM,Depth2,0.1921,,
EBSW,11/02/2014  3:00:00 PM,Depth2,0.1921,,
EBSW,11/02/2014  6:00:00 PM,Depth2,0.1921,,
EBSW,11/02/2014  9:00:00 PM,Depth2,0.1921,,
EBSW,11/03/2014  12:00:00 AM,Depth2,0.1921,,
EBSW,11/03/2014  3:00:00 AM,Depth2,0.1921,,
EBSW,11/03/2014  6:00:00 AM,Depth2,0.1921,,
EBSW,11/03/2014  9:00:00 AM,Depth2,0.1921,,
EBSW,11/03/2014  12:00:00 PM,Depth2,0.1921,,
EBSW,11/03/2014  3:00:00 PM,Depth2,0.1921,,
EBSW,11/03/2014  6:00:00 PM,Depth2,0.1921,,
EBSW,11/03/2014  9:00:00 PM,Depth2,0.1921,,
EBSW,11/04/2014  12:00:00 AM,Depth2,0.1921,,
EBSW,11/04/2014  3:00:00 AM,Depth2,0.1921,,
EBSW,11/02/2014  6:00:00 AM,Depth2,0.1929,,
EBSW,11/04/2014  6:00:00 AM,Depth2,0.1929,,
EBSW,11/04/2014  9:00:00 AM,Depth2,0.1929,,
EBSW,11/04/2014  12:00:00 PM,Depth2,0.1929,,
EBSW,11/04/2014  3:00:00 PM,Depth2,0.1929,,
EBSW,11/12/2014  9:00:00 PM,Depth1,0.1929,,
EBSW,10/18/14 09:00:00 PM,Depth2,0.1929,,
EBSW,11/02/2014  12:00:00 AM,Depth2,0.1938,,
EBSW,11/02/2014  3:00:00 AM,Depth2,0.1938,,
EBSW,11/04/2014  6:00:00 PM,Depth2,0.1938,,
EBSW,11/04/2014  9:00:00 PM,Depth2,0.1938,,
EBSW,11/05/2014  12:00:00 AM,Depth2,0.1942,,
EBSW,11/01/2014  6:00:00 PM,Depth2,0.1946,,
EBSW,11/01/2014  9:00:00 PM,Depth2,0.1946,,
EBSW,11/05/2014  3:00:00 AM,Depth2,0.1946,,
EBSW,10/18/14 06:00:00 PM,Depth2,0.1946,,
EBSW,11/21/14 03:00:00 AM,Depth1,0.1951,,
EBSW,11/01/2014  9:00:00 AM,Depth2,0.1955,,
EBSW,11/01/2014  12:00:00 PM,Depth2,0.1955,,
EBSW,11/01/2014  3:00:00 PM,Depth2,0.1955,,
EBSW,11/01/2014  6:00:00 AM,Depth2,0.1959,,
EBSW,11/01/2014  12:00:00 AM,Depth2,0.1963,,
EBSW,11/01/2014  3:00:00 AM,Depth2,0.1963,,
EBSW,10/27/14 03:00:00 PM,Depth1,0.1963,,
EBSW,11/12/2014  6:00:00 PM,Depth1,0.1968,,
EBSW,11/21/14 12:00:00 AM,Depth1,0.1968,,
EBSW,10/31/14 09:00:00 PM,Depth2,0.1972,,
EBSW,10/17/14 03:00:00 AM,Depth2,0.1989,,
EBSW,10/31/14 03:00:00 PM,Depth2,0.1989,,
EBSW,10/31/14 06:00:00 PM,Depth2,0.1989,,
EBSW,10/18/14 03:00:00 PM,Depth2,0.1997,,
EBSW,10/31/14 12:00:00 PM,Depth2,0.1997,,
EBSW,11/12/2014  3:00:00 PM,Depth1,0.2002,,
EBSW,10/27/14 12:00:00 PM,Depth1,0.2002,,
EBSW,11/05/2014  6:00:00 AM,Depth2,0.2006,,
EBSW,10/31/14 09:00:00 AM,Depth2,0.2006,,
EBSW,11/12/2014  12:00:00 PM,Depth1,0.2014,,
EBSW,10/31/14 06:00:00 AM,Depth2,0.2014,,
EBSW,10/18/14 12:00:00 PM,Depth2,0.2023,,
EBSW,10/29/14 06:00:00 PM,Depth2,0.2023,,
EBSW,10/29/14 09:00:00 PM,Depth2,0.2023,,
EBSW,10/31/14 03:00:00 AM,Depth2,0.2023,,
EBSW,10/31/14 12:00:00 AM,Depth2,0.2023,,
EBSW,11/20/14 09:00:00 PM,Depth1,0.2023,,
EBSW,10/29/14 03:00:00 PM,Depth2,0.2027,,
EBSW,10/29/14 09:00:00 AM,Depth2,0.2027,,
EBSW,10/29/14 12:00:00 PM,Depth2,0.2027,,
EBSW,11/12/2014  9:00:00 AM,Depth1,0.2031,,
EBSW,10/18/14 09:00:00 AM,Depth2,0.204,,
EBSW,10/30/14 09:00:00 PM,Depth2,0.204,,
EBSW,10/30/14 12:00:00 AM,Depth2,0.204,,
EBSW,10/22/14 03:00:00 PM,Depth2,0.2044,,
EBSW,11/12/2014  6:00:00 AM,Depth1,0.2048,,
EBSW,10/30/14 06:00:00 PM,Depth2,0.2048,,
EBSW,10/18/14 03:00:00 AM,Depth1,0.2057,,
EBSW,10/18/14 06:00:00 AM,Depth2,0.2057,,
EBSW,10/29/14 06:00:00 AM,Depth2,0.2057,,
EBSW,10/30/14 03:00:00 AM,Depth2,0.2057,,
EBSW,10/30/14 03:00:00 PM,Depth2,0.2057,,
EBSW,11/20/14 06:00:00 PM,Depth1,0.2057,,
EBSW,10/27/14 09:00:00 AM,Depth1,0.2061,,
EBSW,11/12/2014  3:00:00 AM,Depth1,0.2065,,
EBSW,10/29/14 03:00:00 AM,Depth2,0.2065,,
EBSW,10/30/14 12:00:00 PM,Depth2,0.2065,,
EBSW,11/17/14 03:00:00 PM,Depth2,0.2065,,
EBSW,11/17/14 06:00:00 AM,Depth2,0.2065,,
EBSW,11/17/14 09:00:00 AM,Depth2,0.2065,,
EBSW,11/17/14 12:00:00 PM,Depth2,0.2065,,
EBSW,11/17/14 03:00:00 AM,Depth2,0.2069,,
EBSW,10/29/14 12:00:00 AM,Depth2,0.2074,,
EBSW,10/30/14 06:00:00 AM,Depth2,0.2074,,
EBSW,10/30/14 09:00:00 AM,Depth2,0.2074,,
EBSW,11/17/14 12:00:00 AM,Depth2,0.2074,,
EBSW,11/16/14 06:00:00 PM,Depth2,0.2082,,
EBSW,11/16/14 09:00:00 PM,Depth2,0.2082,,
EBSW,10/28/14 09:00:00 PM,Depth2,0.2091,,
EBSW,11/16/14 03:00:00 PM,Depth2,0.2091,,
EBSW,11/16/14 06:00:00 AM,Depth2,0.2091,,
EBSW,11/16/14 09:00:00 AM,Depth2,0.2091,,
EBSW,11/16/14 12:00:00 PM,Depth2,0.2091,,
EBSW,11/17/14 06:00:00 PM,Depth2,0.2091,,
EBSW,11/16/14 03:00:00 AM,Depth2,0.2095,,
EBSW,11/20/14 03:00:00 PM,Depth1,0.2095,,
EBSW,11/12/2014  12:00:00 AM,Depth1,0.2099,,
EBSW,11/16/14 12:00:00 AM,Depth2,0.2099,,
EBSW,10/22/14 06:00:00 PM,Depth2,0.2108,,
EBSW,10/28/14 03:00:00 PM,Depth2,0.2108,,
EBSW,10/28/14 06:00:00 PM,Depth2,0.2108,,
EBSW,10/18/14 03:00:00 AM,Depth2,0.2112,,
EBSW,11/15/14 03:00:00 PM,Depth2,0.2112,,
EBSW,11/15/14 06:00:00 PM,Depth2,0.2112,,
EBSW,11/15/14 09:00:00 PM,Depth2,0.2112,,
EBSW,10/18/14 12:00:00 AM,Depth2,0.2125,,
EBSW,10/28/14 09:00:00 AM,Depth2,0.2125,,
EBSW,10/28/14 12:00:00 PM,Depth2,0.2125,,
EBSW,11/14/14 06:00:00 PM,Depth2,0.2125,,
EBSW,11/15/14 03:00:00 AM,Depth2,0.2125,,
EBSW,11/15/14 06:00:00 AM,Depth2,0.2125,,
EBSW,11/15/14 09:00:00 AM,Depth2,0.2125,,
EBSW,11/15/14 12:00:00 AM,Depth2,0.2125,,
EBSW,11/15/14 12:00:00 PM,Depth2,0.2125,,
EBSW,11/14/14 09:00:00 PM,Depth2,0.2129,,
EBSW,11/20/14 12:00:00 PM,Depth1,0.2129,,
EBSW,11/11/2014  9:00:00 PM,Depth1,0.2137,,
EBSW,10/28/14 03:00:00 AM,Depth2,0.2142,,
EBSW,10/28/14 06:00:00 AM,Depth2,0.2142,,
EBSW,10/27/14 06:00:00 AM,Depth1,0.215,,
EBSW,10/17/14 09:00:00 PM,Depth2,0.2159,,
EBSW,10/28/14 12:00:00 AM,Depth2,0.2159,,
EBSW,11/14/14 03:00:00 PM,Depth2,0.2159,,
EBSW,11/14/14 12:00:00 PM,Depth2,0.2163,,
EBSW,11/11/2014  6:00:00 PM,Depth1,0.2167,,
EBSW,10/27/14 09:00:00 PM,Depth2,0.2167,,
EBSW,11/14/14 09:00:00 AM,Depth2,0.2167,,
EBSW,11/13/14 09:00:00 PM,Depth2,0.2175,,
EBSW,11/14/14 03:00:00 AM,Depth2,0.2175,,
EBSW,11/14/14 06:00:00 AM,Depth2,0.2175,,
EBSW,11/14/14 12:00:00 AM,Depth2,0.2175,,
EBSW,11/13/14 06:00:00 PM,Depth2,0.218,,
EBSW,11/20/14 09:00:00 AM,Depth1,0.218,,
EBSW,11/13/14 03:00:00 PM,Depth2,0.2184,,
EBSW,10/17/14 06:00:00 PM,Depth2,0.2192,,
EBSW,11/13/14 09:00:00 AM,Depth2,0.2192,,
EBSW,11/13/14 12:00:00 PM,Depth2,0.2192,,
EBSW,11/13/14 03:00:00 AM,Depth2,0.2197,,
EBSW,11/13/14 06:00:00 AM,Depth2,0.2197,,
EBSW,11/13/14 12:00:00 AM,Depth2,0.2197,,
EBSW,11/12/2014  9:00:00 PM,Depth2,0.2205,,
EBSW,11/12/2014  6:00:00 PM,Depth2,0.2209,,
EBSW,10/27/14 06:00:00 PM,Depth2,0.2209,,
EBSW,11/21/14 12:00:00 PM,Depth2,0.2209,,
EBSW,11/12/2014  3:00:00 PM,Depth2,0.2214,,
EBSW,11/12/2014  12:00:00 PM,Depth2,0.2218,,
EBSW,10/27/14 03:00:00 PM,Depth2,0.2218,,
EBSW,11/21/14 09:00:00 AM,Depth2,0.2218,,
EBSW,11/11/2014  3:00:00 PM,Depth1,0.2226,,
EBSW,11/12/2014  9:00:00 AM,Depth2,0.2226,,
EBSW,10/27/14 09:00:00 AM,Depth2,0.2226,,
EBSW,10/27/14 12:00:00 PM,Depth2,0.2226,,
EBSW,11/20/14 06:00:00 AM,Depth1,0.2226,,
EBSW,11/21/14 06:00:00 AM,Depth2,0.2226,,
EBSW,11/21/14 03:00:00 AM,Depth2,0.2231,,
EBSW,10/17/14 03:00:00 PM,Depth2,0.2235,,
EBSW,10/27/14 03:00:00 AM,Depth1,0.2235,,
EBSW,11/21/14 12:00:00 AM,Depth2,0.2239,,
EBSW,10/27/14 06:00:00 AM,Depth2,0.2243,,
EBSW,11/11/2014  12:00:00 PM,Depth1,0.2252,,
EBSW,11/12/2014  6:00:00 AM,Depth2,0.226,,
EBSW,10/27/14 03:00:00 AM,Depth2,0.226,,
EBSW,10/27/14 12:00:00 AM,Depth2,0.226,,
EBSW,11/20/14 09:00:00 PM,Depth2,0.226,,
EBSW,11/12/2014  12:00:00 AM,Depth2,0.2269,,
EBSW,11/12/2014  3:00:00 AM,Depth2,0.2269,,
EBSW,10/22/14 06:00:00 PM,Depth1,0.2277,,
EBSW,10/26/14 09:00:00 PM,Depth2,0.2277,,
EBSW,10/27/14 12:00:00 AM,Depth1,0.2277,,
EBSW,10/22/14 09:00:00 PM,Depth2,0.2282,,
EBSW,11/11/2014  6:00:00 PM,Depth2,0.2286,,
EBSW,11/11/2014  9:00:00 PM,Depth2,0.2286,,
EBSW,10/26/14 06:00:00 PM,Depth2,0.2286,,
EBSW,11/20/14 06:00:00 PM,Depth2,0.229,,
EBSW,11/11/2014  12:00:00 PM,Depth2,0.2294,,
EBSW,11/11/2014  3:00:00 PM,Depth2,0.2294,,
EBSW,10/26/14 03:00:00 PM,Depth2,0.2294,,
EBSW,11/20/14 03:00:00 PM,Depth2,0.2294,,
EBSW,11/20/14 12:00:00 PM,Depth2,0.2294,,
EBSW,11/11/2014  9:00:00 AM,Depth2,0.2303,,
EBSW,10/26/14 12:00:00 PM,Depth2,0.2303,,
EBSW,11/20/14 09:00:00 AM,Depth2,0.2303,,
EBSW,11/11/2014  6:00:00 AM,Depth2,0.2311,,
EBSW,11/20/14 06:00:00 AM,Depth2,0.2311,,
EBSW,11/11/2014  3:00:00 AM,Depth2,0.232,,
EBSW,11/11/2014  9:00:00 AM,Depth1,0.232,,
EBSW,10/26/14 09:00:00 AM,Depth2,0.232,,
EBSW,11/20/14 03:00:00 AM,Depth1,0.232,,
EBSW,11/20/14 03:00:00 AM,Depth2,0.232,,
EBSW,10/18/14 12:00:00 AM,Depth1,0.2328,,
EBSW,10/23/14 03:00:00 AM,Depth2,0.2328,,
EBSW,10/23/14 12:00:00 AM,Depth2,0.2328,,
EBSW,11/20/14 12:00:00 AM,Depth2,0.2328,,
EBSW,11/11/2014  12:00:00 AM,Depth2,0.2332,,
EBSW,10/17/14 06:00:00 AM,Depth2,0.2332,,
EBSW,10/26/14 06:00:00 AM,Depth2,0.2337,,
EBSW,11/10/2014  9:00:00 AM,Depth2,0.2345,,
EBSW,11/10/2014  12:00:00 PM,Depth2,0.2345,,
EBSW,11/10/2014  3:00:00 PM,Depth2,0.2345,,
EBSW,11/10/2014  6:00:00 PM,Depth2,0.2345,,
EBSW,11/10/2014  9:00:00 PM,Depth2,0.2345,,
EBSW,11/11/2014  6:00:00 AM,Depth1,0.2345,,
EBSW,11/19/14 09:00:00 PM,Depth2,0.2345,,
EBSW,11/19/14 06:00:00 PM,Depth2,0.2354,,
EBSW,11/09/2014  12:00:00 PM,Depth2,0.2362,,
EBSW,11/10/2014  6:00:00 AM,Depth2,0.2362,,
EBSW,11/19/14 03:00:00 PM,Depth2,0.2362,,
EBSW,11/09/2014  9:00:00 AM,Depth2,0.2366,,
EBSW,10/26/14 03:00:00 AM,Depth2,0.2371,,
EBSW,11/09/2014  6:00:00 AM,Depth2,0.2396,,
EBSW,11/09/2014  3:00:00 PM,Depth2,0.2396,,
EBSW,11/10/2014  3:00:00 AM,Depth2,0.2396,,
EBSW,11/19/14 12:00:00 PM,Depth2,0.2396,,
EBSW,10/26/14 12:00:00 AM,Depth2,0.2405,,
EBSW,11/09/2014  3:00:00 AM,Depth2,0.2413,,
EBSW,11/10/2014  12:00:00 AM,Depth2,0.2413,,
EBSW,11/09/2014  12:00:00 AM,Depth2,0.243,,
EBSW,11/09/2014  6:00:00 PM,Depth2,0.243,,
EBSW,11/09/2014  9:00:00 PM,Depth2,0.243,,
EBSW,11/19/14 09:00:00 AM,Depth2,0.243,,
EBSW,10/17/14 09:00:00 PM,Depth1,0.2447,,
EBSW,10/26/14 09:00:00 PM,Depth1,0.2451,,
EBSW,11/05/2014  9:00:00 AM,Depth2,0.2464,,
EBSW,11/08/2014  9:00:00 PM,Depth2,0.2464,,
EBSW,10/25/14 09:00:00 PM,Depth2,0.2464,,
EBSW,11/19/14 06:00:00 AM,Depth2,0.2464,,
EBSW,10/17/14 12:00:00 PM,Depth2,0.2472,,
EBSW,10/26/14 06:00:00 PM,Depth1,0.2485,,
EBSW,11/08/2014  6:00:00 PM,Depth2,0.2498,,
EBSW,11/19/14 03:00:00 AM,Depth2,0.2498,,
EBSW,11/20/14 12:00:00 AM,Depth1,0.2498,,
EBSW,11/11/2014  3:00:00 AM,Depth1,0.2511,,
EBSW,10/26/14 03:00:00 PM,Depth1,0.2523,,
EBSW,10/23/14 06:00:00 AM,Depth2,0.2532,,
EBSW,10/25/14 06:00:00 PM,Depth2,0.2532,,
EBSW,10/25/14 03:00:00 PM,Depth2,0.254,,
EBSW,11/11/2014  12:00:00 AM,Depth1,0.2545,,
EBSW,10/25/14 12:00:00 PM,Depth2,0.2549,,
EBSW,11/19/14 09:00:00 PM,Depth1,0.2549,,
EBSW,10/25/14 09:00:00 AM,Depth2,0.2553,,
EBSW,11/10/2014  9:00:00 PM,Depth1,0.2566,,
EBSW,11/19/14 12:00:00 AM,Depth2,0.2566,,
EBSW,10/25/14 06:00:00 AM,Depth2,0.2574,,
EBSW,10/26/14 12:00:00 PM,Depth1,0.2574,,
EBSW,11/10/2014  6:00:00 PM,Depth1,0.2578,,
EBSW,11/19/14 06:00:00 PM,Depth1,0.2578,,
EBSW,11/08/2014  3:00:00 PM,Depth2,0.2583,,
EBSW,11/17/14 09:00:00 PM,Depth2,0.2583,,
EBSW,11/18/14 06:00:00 PM,Depth2,0.2583,,
EBSW,11/18/14 09:00:00 PM,Depth2,0.2583,,
EBSW,11/10/2014  12:00:00 PM,Depth1,0.2587,,
EBSW,11/10/2014  3:00:00 PM,Depth1,0.2587,,
EBSW,11/08/2014  12:00:00 PM,Depth2,0.2591,,
EBSW,10/25/14 03:00:00 AM,Depth2,0.2591,,
EBSW,11/08/2014  9:00:00 AM,Depth2,0.26,,
EBSW,11/10/2014  9:00:00 AM,Depth1,0.26,,
EBSW,10/25/14 12:00:00 AM,Depth2,0.2608,,
EBSW,11/08/2014  6:00:00 AM,Depth2,0.2617,,
EBSW,10/24/14 06:00:00 PM,Depth2,0.2617,,
EBSW,11/18/14 03:00:00 PM,Depth2,0.2617,,
EBSW,11/19/14 03:00:00 PM,Depth1,0.2617,,
EBSW,11/08/2014  3:00:00 AM,Depth2,0.2634,,
EBSW,11/09/2014  9:00:00 AM,Depth1,0.2638,,
EBSW,10/17/14 09:00:00 AM,Depth2,0.2638,,
EBSW,10/24/14 09:00:00 PM,Depth2,0.2638,,
EBSW,11/05/2014  12:00:00 PM,Depth2,0.2642,,
EBSW,11/09/2014  12:00:00 PM,Depth1,0.2651,,
EBSW,11/18/14 12:00:00 PM,Depth2,0.2651,,
EBSW,11/10/2014  6:00:00 AM,Depth1,0.2668,,
EBSW,11/06/2014  9:00:00 PM,Depth2,0.2676,,
EBSW,11/08/2014  12:00:00 AM,Depth2,0.2676,,
EBSW,10/26/14 09:00:00 AM,Depth1,0.2693,,
EBSW,10/24/14 03:00:00 PM,Depth2,0.2701,,
EBSW,11/06/2014  9:00:00 AM,Depth2,0.271,,
EBSW,11/06/2014  12:00:00 PM,Depth2,0.271,,
EBSW,11/06/2014  3:00:00 PM,Depth2,0.271,,
EBSW,11/06/2014  6:00:00 PM,Depth2,0.271,,
EBSW,10/22/14 09:00:00 PM,Depth1,0.2718,,
EBSW,11/06/2014  6:00:00 AM,Depth2,0.2723,,
EBSW,10/26/14 06:00:00 AM,Depth1,0.2727,,
EBSW,11/05/2014  3:00:00 PM,Depth2,0.2735,,
EBSW,11/07/2014  12:00:00 AM,Depth2,0.2735,,
EBSW,11/06/2014  3:00:00 AM,Depth2,0.274,,
EBSW,11/09/2014  6:00:00 AM,Depth1,0.2744,,
EBSW,11/09/2014  3:00:00 PM,Depth1,0.2744,,
EBSW,11/18/14 09:00:00 AM,Depth2,0.2744,,
EBSW,11/19/14 12:00:00 PM,Depth1,0.2744,,
EBSW,11/07/2014  9:00:00 PM,Depth2,0.2752,,
EBSW,11/10/2014  3:00:00 AM,Depth1,0.2752,,
EBSW,10/24/14 12:00:00 PM,Depth2,0.2752,,
EBSW,11/06/2014  12:00:00 AM,Depth2,0.2761,,
EBSW,10/17/14 06:00:00 PM,Depth1,0.2769,,
EBSW,11/09/2014  3:00:00 AM,Depth1,0.2782,,
EBSW,11/05/2014  9:00:00 PM,Depth2,0.2786,,
EBSW,11/10/2014  12:00:00 AM,Depth1,0.2786,,
EBSW,11/19/14 09:00:00 AM,Depth1,0.2791,,
EBSW,11/09/2014  9:00:00 PM,Depth1,0.2799,,
EBSW,11/05/2014  6:00:00 PM,Depth2,0.2803,,
EBSW,11/07/2014  6:00:00 PM,Depth2,0.2803,,
EBSW,11/09/2014  6:00:00 PM,Depth1,0.2803,,
EBSW,10/26/14 03:00:00 AM,Depth1,0.2846,,
EBSW,10/23/14 03:00:00 AM,Depth1,0.285,,
EBSW,11/18/14 06:00:00 AM,Depth2,0.2854,,
EBSW,11/07/2014  3:00:00 PM,Depth2,0.2871,,
EBSW,10/23/14 12:00:00 AM,Depth1,0.2871,,
EBSW,10/26/14 12:00:00 AM,Depth1,0.2871,,
EBSW,10/23/14 09:00:00 PM,Depth2,0.2875,,
EBSW,11/09/2014  12:00:00 AM,Depth1,0.2888,,
EBSW,10/25/14 09:00:00 PM,Depth1,0.2892,,
EBSW,10/23/14 06:00:00 PM,Depth2,0.2897,,
EBSW,10/24/14 09:00:00 AM,Depth2,0.2905,,
EBSW,11/19/14 06:00:00 AM,Depth1,0.2909,,
EBSW,11/08/2014  9:00:00 PM,Depth1,0.2935,,
EBSW,11/19/14 03:00:00 AM,Depth1,0.2948,,
EBSW,11/08/2014  6:00:00 PM,Depth1,0.2956,,
EBSW,10/17/14 03:00:00 PM,Depth1,0.296,,
EBSW,10/24/14 06:00:00 AM,Depth2,0.2973,,
EBSW,10/25/14 06:00:00 PM,Depth1,0.2973,,
EBSW,10/23/14 12:00:00 PM,Depth2,0.299,,
EBSW,11/07/2014  12:00:00 PM,Depth2,0.3024,,
EBSW,11/08/2014  3:00:00 PM,Depth1,0.3028,,
EBSW,11/19/14 12:00:00 AM,Depth1,0.3041,,
EBSW,10/25/14 03:00:00 PM,Depth1,0.3049,,
EBSW,11/08/2014  12:00:00 PM,Depth1,0.3092,,
EBSW,11/18/14 09:00:00 PM,Depth1,0.3096,,
EBSW,10/23/14 03:00:00 PM,Depth2,0.3109,,
EBSW,10/25/14 12:00:00 PM,Depth1,0.3138,,
EBSW,11/08/2014  9:00:00 AM,Depth1,0.3151,,
EBSW,10/23/14 09:00:00 AM,Depth2,0.3151,,
EBSW,11/18/14 03:00:00 AM,Depth2,0.3151,,
EBSW,11/18/14 12:00:00 AM,Depth2,0.3211,,
EBSW,10/23/14 06:00:00 AM,Depth1,0.3215,,
EBSW,11/18/14 06:00:00 PM,Depth1,0.3215,,
EBSW,10/25/14 09:00:00 AM,Depth1,0.3219,,
EBSW,10/25/14 06:00:00 AM,Depth1,0.3261,,
EBSW,11/18/14 03:00:00 PM,Depth1,0.3261,,
EBSW,11/08/2014  6:00:00 AM,Depth1,0.3266,,
EBSW,11/07/2014  9:00:00 AM,Depth2,0.3287,,
EBSW,11/08/2014  3:00:00 AM,Depth1,0.3308,,
EBSW,11/07/2014  3:00:00 AM,Depth2,0.3312,,
EBSW,10/24/14 03:00:00 AM,Depth2,0.3346,,
EBSW,10/24/14 12:00:00 AM,Depth2,0.3346,,
EBSW,10/25/14 03:00:00 AM,Depth1,0.3367,,
EBSW,11/07/2014  6:00:00 AM,Depth2,0.3384,,
EBSW,10/17/14 12:00:00 PM,Depth1,0.3431,,
EBSW,10/17/14 06:00:00 AM,Depth1,0.3435,,
EBSW,10/24/14 06:00:00 PM,Depth1,0.344,,
EBSW,11/05/2014  9:00:00 AM,Depth1,0.3444,,
EBSW,10/25/14 12:00:00 AM,Depth1,0.3452,,
EBSW,11/18/14 12:00:00 PM,Depth1,0.3452,,
EBSW,10/24/14 09:00:00 PM,Depth1,0.3474,,
EBSW,11/06/2014  9:00:00 PM,Depth1,0.3482,,
EBSW,11/08/2014  12:00:00 AM,Depth1,0.3482,,
EBSW,11/06/2014  6:00:00 PM,Depth1,0.3529,,
EBSW,10/24/14 03:00:00 PM,Depth1,0.3529,,
EBSW,11/06/2014  12:00:00 PM,Depth1,0.3533,,
EBSW,11/06/2014  3:00:00 PM,Depth1,0.3537,,
EBSW,11/06/2014  9:00:00 AM,Depth1,0.355,,
EBSW,11/18/14 09:00:00 AM,Depth1,0.3554,,
EBSW,11/07/2014  9:00:00 PM,Depth1,0.3558,,
EBSW,10/17/14 09:00:00 AM,Depth1,0.3563,,
EBSW,11/17/14 09:00:00 PM,Depth1,0.3571,,
EBSW,11/06/2014  6:00:00 AM,Depth1,0.3597,,
EBSW,11/07/2014  12:00:00 AM,Depth1,0.3601,,
EBSW,10/23/14 09:00:00 AM,Depth1,0.363,,
EBSW,10/23/14 12:00:00 PM,Depth1,0.3639,,
EBSW,10/23/14 03:00:00 PM,Depth1,0.3643,,
EBSW,10/23/14 06:00:00 PM,Depth1,0.3647,,
EBSW,10/24/14 12:00:00 PM,Depth1,0.3647,,
EBSW,10/23/14 09:00:00 PM,Depth1,0.3652,,
EBSW,11/06/2014  3:00:00 AM,Depth1,0.3673,,
EBSW,11/06/2014  12:00:00 AM,Depth1,0.3686,,
EBSW,11/07/2014  6:00:00 PM,Depth1,0.3686,,
EBSW,10/24/14 09:00:00 AM,Depth1,0.3686,,
EBSW,11/05/2014  12:00:00 PM,Depth1,0.369,,
EBSW,10/24/14 06:00:00 AM,Depth1,0.369,,
EBSW,10/24/14 12:00:00 AM,Depth1,0.369,,
EBSW,10/24/14 03:00:00 AM,Depth1,0.3694,,
EBSW,11/18/14 06:00:00 AM,Depth1,0.3694,,
EBSW,11/05/2014  3:00:00 PM,Depth1,0.3698,,
EBSW,11/05/2014  6:00:00 PM,Depth1,0.3703,,
EBSW,11/05/2014  9:00:00 PM,Depth1,0.3703,,
EBSW,11/18/14 12:00:00 AM,Depth1,0.3711,,
EBSW,11/07/2014  3:00:00 PM,Depth1,0.3715,,
EBSW,11/18/14 03:00:00 AM,Depth1,0.3715,,
EBSW,11/07/2014  3:00:00 AM,Depth1,0.3732,,
EBSW,11/07/2014  6:00:00 AM,Depth1,0.3737,,
EBSW,11/07/2014  9:00:00 AM,Depth1,0.3741,,
EBSW,11/07/2014  12:00:00 PM,Depth1,0.3741,,
EBSW,09/01/2014  12:00:00 AM,10cm,,12.55,
EBSW,09/01/2014  3:00:00 AM,10cm,,12.55,
EBSW,09/01/2014  6:00:00 AM,10cm,,12.55,
EBSW,09/01/2014  9:00:00 AM,10cm,,12.93,
EBSW,09/01/2014  12:00:00 PM,10cm,,12.93,
EBSW,09/01/2014  3:00:00 PM,10cm,,12.93,
EBSW,09/01/2014  6:00:00 PM,10cm,,12.93,
EBSW,09/01/2014  9:00:00 PM,10cm,,13.32,
EBSW,09/02/2014  12:00:00 AM,10cm,,13.32,
EBSW,09/02/2014  3:00:00 AM,10cm,,13.32,
EBSW,09/02/2014  6:00:00 AM,10cm,,13.32,
EBSW,09/02/2014  9:00:00 AM,10cm,,13.32,
EBSW,09/02/2014  12:00:00 PM,10cm,,13.32,
EBSW,09/02/2014  3:00:00 PM,10cm,,13.32,
EBSW,09/02/2014  6:00:00 PM,10cm,,13.32,
EBSW,09/02/2014  9:00:00 PM,10cm,,13.32,
EBSW,09/03/2014  12:00:00 AM,10cm,,13.32,
EBSW,09/03/2014  3:00:00 AM,10cm,,13.32,
EBSW,09/03/2014  6:00:00 AM,10cm,,13.32,
EBSW,09/03/2014  9:00:00 AM,10cm,,13.32,
EBSW,09/03/2014  12:00:00 PM,10cm,,13.32,
EBSW,09/03/2014  3:00:00 PM,10cm,,13.32,
EBSW,09/03/2014  6:00:00 PM,10cm,,13.32,
EBSW,09/03/2014  9:00:00 PM,10cm,,13.32,
EBSW,09/04/2014  12:00:00 AM,10cm,,13.32,
EBSW,09/04/2014  3:00:00 AM,10cm,,13.32,
EBSW,09/04/2014  6:00:00 AM,10cm,,13.32,
EBSW,09/04/2014  9:00:00 AM,10cm,,13.32,
EBSW,09/04/2014  12:00:00 PM,10cm,,13.32,
EBSW,09/04/2014  3:00:00 PM,10cm,,13.32,
EBSW,09/04/2014  6:00:00 PM,10cm,,13.32,
EBSW,09/04/2014  9:00:00 PM,10cm,,13.32,
EBSW,09/05/2014  12:00:00 AM,10cm,,13.32,
EBSW,09/05/2014  3:00:00 AM,10cm,,13.32,
EBSW,09/05/2014  6:00:00 AM,10cm,,13.32,
EBSW,09/05/2014  9:00:00 AM,10cm,,13.32,
EBSW,09/05/2014  12:00:00 PM,10cm,,13.32,
EBSW,09/05/2014  3:00:00 PM,10cm,,13.32,
EBSW,09/05/2014  6:00:00 PM,10cm,,13.32,
EBSW,09/05/2014  9:00:00 PM,10cm,,13.7,
EBSW,09/06/2014  12:00:00 AM,10cm,,13.7,
EBSW,09/06/2014  3:00:00 AM,10cm,,13.7,
EBSW,09/06/2014  6:00:00 AM,10cm,,13.7,
EBSW,09/06/2014  9:00:00 AM,10cm,,13.7,
EBSW,09/06/2014  12:00:00 PM,10cm,,13.7,
EBSW,09/06/2014  3:00:00 PM,10cm,,13.7,
EBSW,09/06/2014  6:00:00 PM,10cm,,13.7,
EBSW,09/06/2014  9:00:00 PM,10cm,,14.09,
EBSW,09/07/2014  12:00:00 AM,10cm,,14.09,
EBSW,09/07/2014  3:00:00 AM,10cm,,14.09,
EBSW,09/07/2014  6:00:00 AM,10cm,,13.7,
EBSW,09/07/2014  9:00:00 AM,10cm,,13.7,
EBSW,09/07/2014  12:00:00 PM,10cm,,13.32,
EBSW,09/07/2014  3:00:00 PM,10cm,,13.32,
EBSW,09/07/2014  6:00:00 PM,10cm,,12.93,
EBSW,09/07/2014  9:00:00 PM,10cm,,12.93,
EBSW,09/08/2014  12:00:00 AM,10cm,,12.93,
EBSW,09/08/2014  3:00:00 AM,10cm,,12.93,
EBSW,09/08/2014  6:00:00 AM,10cm,,12.93,
EBSW,09/08/2014  9:00:00 AM,10cm,,12.55,
EBSW,09/08/2014  12:00:00 PM,10cm,,12.55,
EBSW,09/08/2014  3:00:00 PM,10cm,,12.16,
EBSW,09/08/2014  6:00:00 PM,10cm,,12.16,
EBSW,09/08/2014  9:00:00 PM,10cm,,12.16,
EBSW,09/09/2014  12:00:00 AM,10cm,,12.16,
EBSW,09/09/2014  3:00:00 AM,10cm,,12.16,
EBSW,09/09/2014  6:00:00 AM,10cm,,12.16,
EBSW,09/09/2014  9:00:00 AM,10cm,,11.77,
EBSW,09/09/2014  12:00:00 PM,10cm,,11.77,
EBSW,09/09/2014  3:00:00 PM,10cm,,11.77,
EBSW,09/09/2014  6:00:00 PM,10cm,,11.77,
EBSW,09/09/2014  9:00:00 PM,10cm,,11.77,
EBSW,09/10/2014  12:00:00 AM,10cm,,11.77,
EBSW,09/10/2014  3:00:00 AM,10cm,,11.77,
EBSW,09/10/2014  6:00:00 AM,10cm,,11.77,
EBSW,09/10/2014  9:00:00 AM,10cm,,11.77,
EBSW,09/10/2014  12:00:00 PM,10cm,,11.38,
EBSW,09/10/2014  3:00:00 PM,10cm,,11.38,
EBSW,09/10/2014  6:00:00 PM,10cm,,11.77,
EBSW,09/10/2014  9:00:00 PM,10cm,,11.77,
EBSW,09/11/2014  12:00:00 AM,10cm,,11.77,
EBSW,09/11/2014  3:00:00 AM,10cm,,11.77,
EBSW,09/11/2014  6:00:00 AM,10cm,,11.77,
EBSW,09/11/2014  9:00:00 AM,10cm,,11.77,
EBSW,09/11/2014  12:00:00 PM,10cm,,11.77,
EBSW,09/11/2014  3:00:00 PM,10cm,,11.77,
EBSW,09/11/2014  6:00:00 PM,10cm,,11.77,
EBSW,09/11/2014  9:00:00 PM,10cm,,11.77,
EBSW,09/12/2014  12:00:00 AM,10cm,,11.77,
EBSW,09/12/2014  3:00:00 AM,10cm,,11.77,
EBSW,09/12/2014  6:00:00 AM,10cm,,11.77,
EBSW,09/12/2014  9:00:00 AM,10cm,,11.77,
EBSW,09/12/2014  12:00:00 PM,10cm,,11.77,
EBSW,09/12/2014  3:00:00 PM,10cm,,11.38,
EBSW,09/12/2014  6:00:00 PM,10cm,,11.38,
EBSW,09/12/2014  9:00:00 PM,10cm,,11.38,
EBSW,10/01/2014  12:00:00 AM,10cm,,10.6,
EBSW,10/01/2014  3:00:00 AM,10cm,,10.6,
EBSW,10/01/2014  6:00:00 AM,10cm,,10.6,
EBSW,10/01/2014  9:00:00 AM,10cm,,10.6,
EBSW,10/01/2014  12:00:00 PM,10cm,,10.6,
EBSW,10/01/2014  3:00:00 PM,10cm,,10.6,
EBSW,10/01/2014  6:00:00 PM,10cm,,10.6,
EBSW,10/01/2014  9:00:00 PM,10cm,,10.6,
EBSW,10/02/2014  12:00:00 AM,10cm,,10.6,
EBSW,10/02/2014  3:00:00 AM,10cm,,10.21,
EBSW,10/02/2014  6:00:00 AM,10cm,,10.21,
EBSW,10/02/2014  9:00:00 AM,10cm,,10.21,
EBSW,10/02/2014  12:00:00 PM,10cm,,10.21,
EBSW,10/02/2014  3:00:00 PM,10cm,,10.21,
EBSW,10/02/2014  6:00:00 PM,10cm,,10.21,
EBSW,10/02/2014  9:00:00 PM,10cm,,10.21,
EBSW,10/03/2014  12:00:00 AM,10cm,,10.21,
EBSW,10/03/2014  3:00:00 AM,10cm,,10.21,
EBSW,10/03/2014  6:00:00 AM,10cm,,10.21,
EBSW,10/03/2014  9:00:00 AM,10cm,,9.82,
EBSW,10/03/2014  12:00:00 PM,10cm,,9.82,
EBSW,10/03/2014  3:00:00 PM,10cm,,9.82,
EBSW,10/03/2014  6:00:00 PM,10cm,,9.82,
EBSW,10/03/2014  9:00:00 PM,10cm,,9.82,
EBSW,10/04/2014  12:00:00 AM,10cm,,10.21,
EBSW,10/04/2014  3:00:00 AM,10cm,,10.21,
EBSW,10/04/2014  6:00:00 AM,10cm,,10.21,
EBSW,10/04/2014  9:00:00 AM,10cm,,10.21,
EBSW,10/04/2014  12:00:00 PM,10cm,,10.21,
EBSW,10/04/2014  3:00:00 PM,10cm,,10.21,
EBSW,10/04/2014  6:00:00 PM,10cm,,10.21,
EBSW,10/04/2014  9:00:00 PM,10cm,,10.21,
EBSW,10/05/2014  12:00:00 AM,10cm,,10.6,
EBSW,10/05/2014  3:00:00 AM,10cm,,10.6,
EBSW,10/05/2014  6:00:00 AM,10cm,,10.6,
EBSW,10/05/2014  9:00:00 AM,10cm,,10.99,
EBSW,10/05/2014  12:00:00 PM,10cm,,11.38,
EBSW,10/05/2014  3:00:00 PM,10cm,,11.38,
EBSW,10/05/2014  6:00:00 PM,10cm,,11.38,
EBSW,10/05/2014  9:00:00 PM,10cm,,11.38,
EBSW,10/06/2014  12:00:00 AM,10cm,,10.99,
EBSW,10/06/2014  3:00:00 AM,10cm,,10.99,
EBSW,10/06/2014  6:00:00 AM,10cm,,10.99,
EBSW,10/06/2014  9:00:00 AM,10cm,,10.6,
EBSW,10/06/2014  12:00:00 PM,10cm,,10.6,
EBSW,10/06/2014  3:00:00 PM,10cm,,10.6,
EBSW,10/06/2014  6:00:00 PM,10cm,,10.6,
EBSW,10/06/2014  9:00:00 PM,10cm,,10.6,
EBSW,10/07/2014  12:00:00 AM,10cm,,10.21,
EBSW,10/07/2014  3:00:00 AM,10cm,,10.21,
EBSW,10/07/2014  6:00:00 AM,10cm,,10.21,
EBSW,10/07/2014  9:00:00 AM,10cm,,10.21,
EBSW,10/07/2014  12:00:00 PM,10cm,,10.21,
EBSW,10/07/2014  3:00:00 PM,10cm,,10.21,
EBSW,10/07/2014  6:00:00 PM,10cm,,10.21,
EBSW,10/07/2014  9:00:00 PM,10cm,,10.21,
EBSW,10/08/2014  12:00:00 AM,10cm,,10.21,
EBSW,10/08/2014  3:00:00 AM,10cm,,10.21,
EBSW,10/08/2014  6:00:00 AM,10cm,,10.21,
EBSW,10/08/2014  9:00:00 AM,10cm,,10.21,
EBSW,10/08/2014  12:00:00 PM,10cm,,10.6,
EBSW,10/08/2014  3:00:00 PM,10cm,,10.6,
EBSW,10/08/2014  6:00:00 PM,10cm,,10.99,
EBSW,10/08/2014  9:00:00 PM,10cm,,10.99,
EBSW,10/09/2014  12:00:00 AM,10cm,,10.99,
EBSW,10/09/2014  3:00:00 AM,10cm,,10.99,
EBSW,10/09/2014  6:00:00 AM,10cm,,10.6,
EBSW,10/09/2014  9:00:00 AM,10cm,,10.6,
EBSW,10/09/2014  12:00:00 PM,10cm,,10.6,
EBSW,10/09/2014  3:00:00 PM,10cm,,10.6,
EBSW,10/09/2014  6:00:00 PM,10cm,,10.21,
EBSW,10/09/2014  9:00:00 PM,10cm,,10.21,
EBSW,10/10/2014  12:00:00 AM,10cm,,10.21,
EBSW,10/10/2014  3:00:00 AM,10cm,,10.21,
EBSW,10/10/2014  6:00:00 AM,10cm,,9.82,
EBSW,10/10/2014  9:00:00 AM,10cm,,9.82,
EBSW,10/10/2014  12:00:00 PM,10cm,,9.82,
EBSW,10/10/2014  3:00:00 PM,10cm,,9.42,
EBSW,10/10/2014  6:00:00 PM,10cm,,9.42,
EBSW,10/10/2014  9:00:00 PM,10cm,,9.42,
EBSW,10/11/2014  12:00:00 AM,10cm,,9.42,
EBSW,10/11/2014  3:00:00 AM,10cm,,9.42,
EBSW,10/11/2014  6:00:00 AM,10cm,,9.42,
EBSW,10/11/2014  9:00:00 AM,10cm,,9.42,
EBSW,10/11/2014  12:00:00 PM,10cm,,9.42,
EBSW,10/11/2014  3:00:00 PM,10cm,,9.03,
EBSW,10/11/2014  6:00:00 PM,10cm,,9.03,
EBSW,10/11/2014  9:00:00 PM,10cm,,9.03,
EBSW,10/12/2014  12:00:00 AM,10cm,,9.03,
EBSW,10/12/2014  3:00:00 AM,10cm,,9.03,
EBSW,10/12/2014  6:00:00 AM,10cm,,9.03,
EBSW,10/12/2014  9:00:00 AM,10cm,,9.03,
EBSW,10/12/2014  12:00:00 PM,10cm,,9.03,
EBSW,10/12/2014  3:00:00 PM,10cm,,8.63,
EBSW,10/12/2014  6:00:00 PM,10cm,,8.63,
EBSW,10/12/2014  9:00:00 PM,10cm,,9.03,
EBSW,11/01/2014  12:00:00 AM,10cm,,7.83,
EBSW,11/01/2014  3:00:00 AM,10cm,,7.83,
EBSW,11/01/2014  6:00:00 AM,10cm,,7.83,
EBSW,11/01/2014  9:00:00 AM,10cm,,7.83,
EBSW,11/01/2014  12:00:00 PM,10cm,,7.83,
EBSW,11/01/2014  3:00:00 PM,10cm,,7.83,
EBSW,11/01/2014  6:00:00 PM,10cm,,7.83,
EBSW,11/01/2014  9:00:00 PM,10cm,,7.83,
EBSW,11/02/2014  12:00:00 AM,10cm,,7.43,
EBSW,11/02/2014  3:00:00 AM,10cm,,7.43,
EBSW,11/02/2014  6:00:00 AM,10cm,,7.43,
EBSW,11/02/2014  9:00:00 AM,10cm,,7.43,
EBSW,11/02/2014  12:00:00 PM,10cm,,7.43,
EBSW,11/02/2014  3:00:00 PM,10cm,,7.03,
EBSW,11/02/2014  6:00:00 PM,10cm,,7.03,
EBSW,11/02/2014  9:00:00 PM,10cm,,7.03,
EBSW,11/03/2014  12:00:00 AM,10cm,,7.03,
EBSW,11/03/2014  3:00:00 AM,10cm,,7.03,
EBSW,11/03/2014  6:00:00 AM,10cm,,7.03,
EBSW,11/03/2014  9:00:00 AM,10cm,,6.62,
EBSW,11/03/2014  12:00:00 PM,10cm,,6.62,
EBSW,11/03/2014  3:00:00 PM,10cm,,6.62,
EBSW,11/03/2014  6:00:00 PM,10cm,,6.62,
EBSW,11/03/2014  9:00:00 PM,10cm,,6.62,
EBSW,11/04/2014  12:00:00 AM,10cm,,6.62,
EBSW,11/04/2014  3:00:00 AM,10cm,,6.62,
EBSW,11/04/2014  6:00:00 AM,10cm,,6.62,
EBSW,11/04/2014  9:00:00 AM,10cm,,6.62,
EBSW,11/04/2014  12:00:00 PM,10cm,,6.22,
EBSW,11/04/2014  3:00:00 PM,10cm,,6.22,
EBSW,11/04/2014  6:00:00 PM,10cm,,6.22,
EBSW,11/04/2014  9:00:00 PM,10cm,,6.22,
EBSW,11/05/2014  12:00:00 AM,10cm,,6.22,
EBSW,11/05/2014  3:00:00 AM,10cm,,6.22,
EBSW,11/05/2014  6:00:00 AM,10cm,,6.22,
EBSW,11/05/2014  9:00:00 AM,10cm,,6.22,
EBSW,11/05/2014  12:00:00 PM,10cm,,6.22,
EBSW,11/05/2014  3:00:00 PM,10cm,,6.22,
EBSW,11/05/2014  6:00:00 PM,10cm,,6.22,
EBSW,11/05/2014  9:00:00 PM,10cm,,6.22,
EBSW,11/06/2014  12:00:00 AM,10cm,,6.22,
EBSW,11/06/2014  3:00:00 AM,10cm,,6.22,
EBSW,11/06/2014  6:00:00 AM,10cm,,6.22,
EBSW,11/06/2014  9:00:00 AM,10cm,,6.22,
EBSW,11/06/2014  12:00:00 PM,10cm,,6.22,
EBSW,11/06/2014  3:00:00 PM,10cm,,6.22,
EBSW,11/06/2014  6:00:00 PM,10cm,,6.22,
EBSW,11/06/2014  9:00:00 PM,10cm,,6.22,
EBSW,11/07/2014  12:00:00 AM,10cm,,6.22,
EBSW,11/07/2014  3:00:00 AM,10cm,,6.22,
EBSW,11/07/2014  6:00:00 AM,10cm,,6.22,
EBSW,11/07/2014  9:00:00 AM,10cm,,5.81,
EBSW,11/07/2014  12:00:00 PM,10cm,,5.81,
EBSW,11/07/2014  3:00:00 PM,10cm,,5.81,
EBSW,11/07/2014  6:00:00 PM,10cm,,5.81,
EBSW,11/07/2014  9:00:00 PM,10cm,,5.81,
EBSW,11/08/2014  12:00:00 AM,10cm,,5.81,
EBSW,11/08/2014  3:00:00 AM,10cm,,5.81,
EBSW,11/08/2014  6:00:00 AM,10cm,,5.81,
EBSW,11/08/2014  9:00:00 AM,10cm,,5.81,
EBSW,11/08/2014  12:00:00 PM,10cm,,5.81,
EBSW,11/08/2014  3:00:00 PM,10cm,,5.81,
EBSW,11/08/2014  6:00:00 PM,10cm,,5.81,
EBSW,11/08/2014  9:00:00 PM,10cm,,5.81,
EBSW,11/09/2014  12:00:00 AM,10cm,,5.4,
EBSW,11/09/2014  3:00:00 AM,10cm,,5.4,
EBSW,11/09/2014  6:00:00 AM,10cm,,5.4,
EBSW,11/09/2014  9:00:00 AM,10cm,,5.4,
EBSW,11/09/2014  12:00:00 PM,10cm,,5.4,
EBSW,11/09/2014  3:00:00 PM,10cm,,5.4,
EBSW,11/09/2014  6:00:00 PM,10cm,,5.4,
EBSW,11/09/2014  9:00:00 PM,10cm,,5.4,
EBSW,11/10/2014  12:00:00 AM,10cm,,5.4,
EBSW,11/10/2014  3:00:00 AM,10cm,,5.4,
EBSW,11/10/2014  6:00:00 AM,10cm,,5.4,
EBSW,11/10/2014  9:00:00 AM,10cm,,5.4,
EBSW,11/10/2014  12:00:00 PM,10cm,,5.4,
EBSW,11/10/2014  3:00:00 PM,10cm,,5.4,
EBSW,11/10/2014  6:00:00 PM,10cm,,5.4,
EBSW,11/10/2014  9:00:00 PM,10cm,,5.4,
EBSW,11/11/2014  12:00:00 AM,10cm,,5.4,
EBSW,11/11/2014  3:00:00 AM,10cm,,5.81,
EBSW,11/11/2014  6:00:00 AM,10cm,,5.81,
EBSW,11/11/2014  9:00:00 AM,10cm,,5.81,
EBSW,11/11/2014  12:00:00 PM,10cm,,5.81,
EBSW,11/11/2014  3:00:00 PM,10cm,,5.81,
EBSW,11/11/2014  6:00:00 PM,10cm,,5.81,
EBSW,11/11/2014  9:00:00 PM,10cm,,5.81,
EBSW,11/12/2014  12:00:00 AM,10cm,,5.81,
EBSW,11/12/2014  3:00:00 AM,10cm,,6.22,
EBSW,11/12/2014  6:00:00 AM,10cm,,6.22,
EBSW,11/12/2014  9:00:00 AM,10cm,,6.22,
EBSW,11/12/2014  12:00:00 PM,10cm,,6.22,
EBSW,11/12/2014  3:00:00 PM,10cm,,6.22,
EBSW,11/12/2014  6:00:00 PM,10cm,,6.22,
EBSW,11/12/2014  9:00:00 PM,10cm,,6.62,
EBSW,08/20/14 03:00:00 PM,10cm,,12.16,
EBSW,08/20/14 06:00:00 PM,10cm,,12.16,
EBSW,08/20/14 09:00:00 PM,10cm,,12.16,
EBSW,08/20/14 12:00:00 PM,10cm,,12.16,
EBSW,08/21/14 03:00:00 AM,10cm,,12.55,
EBSW,08/21/14 03:00:00 PM,10cm,,12.55,
EBSW,08/21/14 06:00:00 AM,10cm,,12.55,
EBSW,08/21/14 06:00:00 PM,10cm,,12.55,
EBSW,08/21/14 09:00:00 AM,10cm,,12.55,
EBSW,08/21/14 09:00:00 PM,10cm,,12.55,
EBSW,08/21/14 12:00:00 AM,10cm,,12.55,
EBSW,08/21/14 12:00:00 PM,10cm,,12.55,
EBSW,08/22/14 03:00:00 AM,10cm,,12.55,
EBSW,08/22/14 03:00:00 PM,10cm,,12.55,
EBSW,08/22/14 06:00:00 AM,10cm,,12.55,
EBSW,08/22/14 06:00:00 PM,10cm,,12.55,
EBSW,08/22/14 09:00:00 AM,10cm,,12.55,
EBSW,08/22/14 09:00:00 PM,10cm,,12.55,
EBSW,08/22/14 12:00:00 AM,10cm,,12.55,
EBSW,08/22/14 12:00:00 PM,10cm,,12.55,
EBSW,08/23/14 03:00:00 AM,10cm,,12.55,
EBSW,08/23/14 03:00:00 PM,10cm,,12.16,
EBSW,08/23/14 06:00:00 AM,10cm,,12.55,
EBSW,08/23/14 06:00:00 PM,10cm,,12.16,
EBSW,08/23/14 09:00:00 AM,10cm,,12.55,
EBSW,08/23/14 09:00:00 PM,10cm,,12.16,
EBSW,08/23/14 12:00:00 AM,10cm,,12.55,
EBSW,08/23/14 12:00:00 PM,10cm,,12.16,
EBSW,08/24/14 03:00:00 AM,10cm,,12.55,
EBSW,08/24/14 03:00:00 PM,10cm,,12.16,
EBSW,08/24/14 06:00:00 AM,10cm,,12.16,
EBSW,08/24/14 06:00:00 PM,10cm,,12.55,
EBSW,08/24/14 09:00:00 AM,10cm,,12.16,
EBSW,08/24/14 09:00:00 PM,10cm,,12.55,
EBSW,08/24/14 12:00:00 AM,10cm,,12.55,
EBSW,08/24/14 12:00:00 PM,10cm,,12.16,
EBSW,08/25/14 03:00:00 AM,10cm,,12.55,
EBSW,08/25/14 03:00:00 PM,10cm,,12.93,
EBSW,08/25/14 06:00:00 AM,10cm,,12.55,
EBSW,08/25/14 06:00:00 PM,10cm,,12.93,
EBSW,08/25/14 09:00:00 AM,10cm,,12.55,
EBSW,08/25/14 09:00:00 PM,10cm,,12.93,
EBSW,08/25/14 12:00:00 AM,10cm,,12.55,
EBSW,08/25/14 12:00:00 PM,10cm,,12.55,
EBSW,08/26/14 03:00:00 AM,10cm,,13.32,
EBSW,08/26/14 03:00:00 PM,10cm,,13.32,
EBSW,08/26/14 06:00:00 AM,10cm,,13.32,
EBSW,08/26/14 06:00:00 PM,10cm,,13.32,
EBSW,08/26/14 09:00:00 AM,10cm,,13.32,
EBSW,08/26/14 09:00:00 PM,10cm,,13.32,
EBSW,08/26/14 12:00:00 AM,10cm,,13.32,
EBSW,08/26/14 12:00:00 PM,10cm,,13.32,
EBSW,08/27/14 03:00:00 AM,10cm,,13.32,
EBSW,08/27/14 03:00:00 PM,10cm,,13.32,
EBSW,08/27/14 06:00:00 AM,10cm,,13.32,
EBSW,08/27/14 06:00:00 PM,10cm,,13.32,
EBSW,08/27/14 09:00:00 AM,10cm,,13.32,
EBSW,08/27/14 09:00:00 PM,10cm,,13.32,
EBSW,08/27/14 12:00:00 AM,10cm,,13.32,
EBSW,08/27/14 12:00:00 PM,10cm,,13.32,
EBSW,08/28/14 03:00:00 AM,10cm,,13.32,
EBSW,08/28/14 03:00:00 PM,10cm,,13.32,
EBSW,08/28/14 06:00:00 AM,10cm,,13.32,
EBSW,08/28/14 06:00:00 PM,10cm,,13.32,
EBSW,08/28/14 09:00:00 AM,10cm,,13.32,
EBSW,08/28/14 09:00:00 PM,10cm,,13.32,
EBSW,08/28/14 12:00:00 AM,10cm,,13.32,
EBSW,08/28/14 12:00:00 PM,10cm,,13.32,
EBSW,08/29/14 03:00:00 AM,10cm,,12.93,
EBSW,08/29/14 03:00:00 PM,10cm,,12.55,
EBSW,08/29/14 06:00:00 AM,10cm,,12.93,
EBSW,08/29/14 06:00:00 PM,10cm,,12.55,
EBSW,08/29/14 09:00:00 AM,10cm,,12.93,
EBSW,08/29/14 09:00:00 PM,10cm,,12.55,
EBSW,08/29/14 12:00:00 AM,10cm,,13.32,
EBSW,08/29/14 12:00:00 PM,10cm,,12.55,
EBSW,08/30/14 03:00:00 AM,10cm,,12.55,
EBSW,08/30/14 03:00:00 PM,10cm,,12.16,
EBSW,08/30/14 06:00:00 AM,10cm,,12.55,
EBSW,08/30/14 06:00:00 PM,10cm,,12.16,
EBSW,08/30/14 09:00:00 AM,10cm,,12.16,
EBSW,08/30/14 09:00:00 PM,10cm,,12.16,
EBSW,08/30/14 12:00:00 AM,10cm,,12.55,
EBSW,08/30/14 12:00:00 PM,10cm,,12.16,
EBSW,08/31/14 03:00:00 AM,10cm,,12.16,
EBSW,08/31/14 03:00:00 PM,10cm,,12.16,
EBSW,08/31/14 06:00:00 AM,10cm,,12.16,
EBSW,08/31/14 06:00:00 PM,10cm,,12.16,
EBSW,08/31/14 09:00:00 AM,10cm,,12.16,
EBSW,08/31/14 09:00:00 PM,10cm,,12.55,
EBSW,08/31/14 12:00:00 AM,10cm,,12.16,
EBSW,08/31/14 12:00:00 PM,10cm,,12.16,
EBSW,09/13/14 03:00:00 AM,10cm,,11.38,
EBSW,09/13/14 03:00:00 PM,10cm,,10.6,
EBSW,09/13/14 06:00:00 AM,10cm,,11.38,
EBSW,09/13/14 06:00:00 PM,10cm,,10.6,
EBSW,09/13/14 09:00:00 AM,10cm,,10.99,
EBSW,09/13/14 09:00:00 PM,10cm,,10.6,
EBSW,09/13/14 12:00:00 AM,10cm,,11.38,
EBSW,09/13/14 12:00:00 PM,10cm,,10.99,
EBSW,09/14/14 03:00:00 AM,10cm,,10.6,
EBSW,09/14/14 03:00:00 PM,10cm,,10.6,
EBSW,09/14/14 06:00:00 AM,10cm,,10.6,
EBSW,09/14/14 06:00:00 PM,10cm,,10.6,
EBSW,09/14/14 09:00:00 AM,10cm,,10.6,
EBSW,09/14/14 09:00:00 PM,10cm,,10.6,
EBSW,09/14/14 12:00:00 AM,10cm,,10.6,
EBSW,09/14/14 12:00:00 PM,10cm,,10.6,
EBSW,09/15/14 03:00:00 AM,10cm,,10.6,
EBSW,09/15/14 03:00:00 PM,10cm,,10.21,
EBSW,09/15/14 06:00:00 AM,10cm,,10.6,
EBSW,09/15/14 06:00:00 PM,10cm,,10.21,
EBSW,09/15/14 09:00:00 AM,10cm,,10.21,
EBSW,09/15/14 09:00:00 PM,10cm,,10.21,
EBSW,09/15/14 12:00:00 AM,10cm,,10.6,
EBSW,09/15/14 12:00:00 PM,10cm,,10.21,
EBSW,09/16/14 03:00:00 AM,10cm,,10.21,
EBSW,09/16/14 03:00:00 PM,10cm,,10.21,
EBSW,09/16/14 06:00:00 AM,10cm,,10.21,
EBSW,09/16/14 06:00:00 PM,10cm,,10.21,
EBSW,09/16/14 09:00:00 AM,10cm,,10.21,
EBSW,09/16/14 09:00:00 PM,10cm,,10.21,
EBSW,09/16/14 12:00:00 AM,10cm,,10.21,
EBSW,09/16/14 12:00:00 PM,10cm,,10.21,
EBSW,09/17/14 03:00:00 AM,10cm,,10.21,
EBSW,09/17/14 03:00:00 PM,10cm,,10.21,
EBSW,09/17/14 06:00:00 AM,10cm,,10.21,
EBSW,09/17/14 06:00:00 PM,10cm,,10.21,
EBSW,09/17/14 09:00:00 AM,10cm,,10.21,
EBSW,09/17/14 09:00:00 PM,10cm,,10.21,
EBSW,09/17/14 12:00:00 AM,10cm,,10.21,
EBSW,09/17/14 12:00:00 PM,10cm,,10.21,
EBSW,09/18/14 03:00:00 AM,10cm,,10.21,
EBSW,09/18/14 03:00:00 PM,10cm,,10.21,
EBSW,09/18/14 06:00:00 AM,10cm,,10.21,
EBSW,09/18/14 06:00:00 PM,10cm,,10.6,
EBSW,09/18/14 09:00:00 AM,10cm,,10.21,
EBSW,09/18/14 09:00:00 PM,10cm,,10.6,
EBSW,09/18/14 12:00:00 AM,10cm,,10.21,
EBSW,09/18/14 12:00:00 PM,10cm,,10.21,
EBSW,09/19/14 03:00:00 AM,10cm,,10.21,
EBSW,09/19/14 03:00:00 PM,10cm,,9.42,
EBSW,09/19/14 06:00:00 AM,10cm,,10.21,
EBSW,09/19/14 06:00:00 PM,10cm,,9.42,
EBSW,09/19/14 09:00:00 AM,10cm,,9.82,
EBSW,09/19/14 09:00:00 PM,10cm,,9.42,
EBSW,09/19/14 12:00:00 AM,10cm,,10.6,
EBSW,09/19/14 12:00:00 PM,10cm,,9.82,
EBSW,09/20/14 03:00:00 AM,10cm,,9.42,
EBSW,09/20/14 03:00:00 PM,10cm,,9.03,
EBSW,09/20/14 06:00:00 AM,10cm,,9.42,
EBSW,09/20/14 06:00:00 PM,10cm,,9.03,
EBSW,09/20/14 09:00:00 AM,10cm,,9.03,
EBSW,09/20/14 09:00:00 PM,10cm,,9.03,
EBSW,09/20/14 12:00:00 AM,10cm,,9.42,
EBSW,09/20/14 12:00:00 PM,10cm,,9.03,
EBSW,09/21/14 03:00:00 AM,10cm,,9.42,
EBSW,09/21/14 03:00:00 PM,10cm,,9.82,
EBSW,09/21/14 06:00:00 AM,10cm,,9.42,
EBSW,09/21/14 06:00:00 PM,10cm,,10.21,
EBSW,09/21/14 09:00:00 AM,10cm,,9.82,
EBSW,09/21/14 09:00:00 PM,10cm,,10.21,
EBSW,09/21/14 12:00:00 AM,10cm,,9.42,
EBSW,09/21/14 12:00:00 PM,10cm,,9.82,
EBSW,09/22/14 03:00:00 AM,10cm,,10.6,
EBSW,09/22/14 03:00:00 PM,10cm,,10.99,
EBSW,09/22/14 06:00:00 AM,10cm,,10.99,
EBSW,09/22/14 06:00:00 PM,10cm,,11.38,
EBSW,09/22/14 09:00:00 AM,10cm,,10.99,
EBSW,09/22/14 09:00:00 PM,10cm,,11.38,
EBSW,09/22/14 12:00:00 AM,10cm,,10.6,
EBSW,09/22/14 12:00:00 PM,10cm,,10.99,
EBSW,09/23/14 03:00:00 AM,10cm,,10.99,
EBSW,09/23/14 03:00:00 PM,10cm,,10.21,
EBSW,09/23/14 06:00:00 AM,10cm,,10.99,
EBSW,09/23/14 06:00:00 PM,10cm,,10.21,
EBSW,09/23/14 09:00:00 AM,10cm,,10.6,
EBSW,09/23/14 09:00:00 PM,10cm,,10.21,
EBSW,09/23/14 12:00:00 AM,10cm,,11.38,
EBSW,09/23/14 12:00:00 PM,10cm,,10.6,
EBSW,09/24/14 03:00:00 AM,10cm,,10.21,
EBSW,09/24/14 03:00:00 PM,10cm,,9.82,
EBSW,09/24/14 06:00:00 AM,10cm,,10.21,
EBSW,09/24/14 06:00:00 PM,10cm,,9.82,
EBSW,09/24/14 09:00:00 AM,10cm,,10.21,
EBSW,09/24/14 09:00:00 PM,10cm,,9.82,
EBSW,09/24/14 12:00:00 AM,10cm,,10.21,
EBSW,09/24/14 12:00:00 PM,10cm,,9.82,
EBSW,09/25/14 03:00:00 AM,10cm,,9.82,
EBSW,09/25/14 03:00:00 PM,10cm,,9.82,
EBSW,09/25/14 06:00:00 AM,10cm,,9.82,
EBSW,09/25/14 06:00:00 PM,10cm,,9.82,
EBSW,09/25/14 09:00:00 AM,10cm,,9.82,
EBSW,09/25/14 09:00:00 PM,10cm,,9.82,
EBSW,09/25/14 12:00:00 AM,10cm,,9.82,
EBSW,09/25/14 12:00:00 PM,10cm,,9.82,
EBSW,09/26/14 03:00:00 AM,10cm,,9.82,
EBSW,09/26/14 03:00:00 PM,10cm,,10.21,
EBSW,09/26/14 06:00:00 AM,10cm,,10.21,
EBSW,09/26/14 06:00:00 PM,10cm,,10.21,
EBSW,09/26/14 09:00:00 AM,10cm,,10.21,
EBSW,09/26/14 09:00:00 PM,10cm,,10.6,
EBSW,09/26/14 12:00:00 AM,10cm,,9.82,
EBSW,09/26/14 12:00:00 PM,10cm,,10.21,
EBSW,09/27/14 03:00:00 AM,10cm,,10.99,
EBSW,09/27/14 03:00:00 PM,10cm,,10.99,
EBSW,09/27/14 06:00:00 AM,10cm,,10.99,
EBSW,09/27/14 06:00:00 PM,10cm,,11.38,
EBSW,09/27/14 09:00:00 AM,10cm,,10.99,
EBSW,09/27/14 09:00:00 PM,10cm,,11.38,
EBSW,09/27/14 12:00:00 AM,10cm,,10.6,
EBSW,09/27/14 12:00:00 PM,10cm,,10.99,
EBSW,09/28/14 03:00:00 AM,10cm,,11.77,
EBSW,09/28/14 03:00:00 PM,10cm,,11.77,
EBSW,09/28/14 06:00:00 AM,10cm,,11.77,
EBSW,09/28/14 06:00:00 PM,10cm,,11.77,
EBSW,09/28/14 09:00:00 AM,10cm,,11.77,
EBSW,09/28/14 09:00:00 PM,10cm,,12.16,
EBSW,09/28/14 12:00:00 AM,10cm,,11.77,
EBSW,09/28/14 12:00:00 PM,10cm,,11.77,
EBSW,09/29/14 03:00:00 AM,10cm,,12.16,
EBSW,09/29/14 03:00:00 PM,10cm,,12.16,
EBSW,09/29/14 06:00:00 AM,10cm,,12.16,
EBSW,09/29/14 06:00:00 PM,10cm,,12.16,
EBSW,09/29/14 09:00:00 AM,10cm,,12.16,
EBSW,09/29/14 09:00:00 PM,10cm,,11.77,
EBSW,09/29/14 12:00:00 AM,10cm,,12.16,
EBSW,09/29/14 12:00:00 PM,10cm,,12.16,
EBSW,09/30/14 03:00:00 AM,10cm,,11.77,
EBSW,09/30/14 03:00:00 PM,10cm,,10.99,
EBSW,09/30/14 06:00:00 AM,10cm,,11.38,
EBSW,09/30/14 06:00:00 PM,10cm,,10.6,
EBSW,09/30/14 09:00:00 AM,10cm,,11.38,
EBSW,09/30/14 09:00:00 PM,10cm,,10.6,
EBSW,09/30/14 12:00:00 AM,10cm,,11.77,
EBSW,09/30/14 12:00:00 PM,10cm,,10.99,
EBSW,10/13/14 03:00:00 AM,10cm,,9.03,
EBSW,10/13/14 03:00:00 PM,10cm,,8.63,
EBSW,10/13/14 06:00:00 AM,10cm,,8.63,
EBSW,10/13/14 06:00:00 PM,10cm,,8.63,
EBSW,10/13/14 09:00:00 AM,10cm,,8.63,
EBSW,10/13/14 09:00:00 PM,10cm,,9.03,
EBSW,10/13/14 12:00:00 AM,10cm,,9.03,
EBSW,10/13/14 12:00:00 PM,10cm,,8.63,
EBSW,10/14/14 03:00:00 AM,10cm,,9.03,
EBSW,10/14/14 03:00:00 PM,10cm,,9.03,
EBSW,10/14/14 06:00:00 AM,10cm,,9.03,
EBSW,10/14/14 06:00:00 PM,10cm,,9.42,
EBSW,10/14/14 09:00:00 AM,10cm,,9.03,
EBSW,10/14/14 09:00:00 PM,10cm,,9.42,
EBSW,10/14/14 12:00:00 AM,10cm,,9.03,
EBSW,10/14/14 12:00:00 PM,10cm,,9.03,
EBSW,10/15/14 03:00:00 AM,10cm,,9.82,
EBSW,10/15/14 03:00:00 PM,10cm,,10.21,
EBSW,10/15/14 06:00:00 AM,10cm,,9.82,
EBSW,10/15/14 06:00:00 PM,10cm,,10.21,
EBSW,10/15/14 09:00:00 AM,10cm,,9.82,
EBSW,10/15/14 09:00:00 PM,10cm,,10.6,
EBSW,10/15/14 12:00:00 AM,10cm,,9.82,
EBSW,10/15/14 12:00:00 PM,10cm,,10.21,
EBSW,10/16/14 03:00:00 AM,10cm,,10.6,
EBSW,10/16/14 03:00:00 PM,10cm,,10.99,
EBSW,10/16/14 06:00:00 AM,10cm,,10.6,
EBSW,10/16/14 06:00:00 PM,10cm,,11.38,
EBSW,10/16/14 09:00:00 AM,10cm,,10.99,
EBSW,10/16/14 09:00:00 PM,10cm,,11.38,
EBSW,10/16/14 12:00:00 AM,10cm,,10.6,
EBSW,10/16/14 12:00:00 PM,10cm,,10.99,
EBSW,10/17/14 03:00:00 AM,10cm,,12.16,
EBSW,10/17/14 03:00:00 PM,10cm,,12.55,
EBSW,10/17/14 06:00:00 AM,10cm,,12.93,
EBSW,10/17/14 06:00:00 PM,10cm,,12.55,
EBSW,10/17/14 09:00:00 AM,10cm,,12.93,
EBSW,10/17/14 09:00:00 PM,10cm,,12.55,
EBSW,10/17/14 12:00:00 AM,10cm,,11.38,
EBSW,10/17/14 12:00:00 PM,10cm,,12.93,
EBSW,10/18/14 03:00:00 AM,10cm,,12.16,
EBSW,10/18/14 03:00:00 PM,10cm,,11.77,
EBSW,10/18/14 06:00:00 AM,10cm,,12.16,
EBSW,10/18/14 06:00:00 PM,10cm,,11.77,
EBSW,10/18/14 09:00:00 AM,10cm,,12.16,
EBSW,10/18/14 09:00:00 PM,10cm,,11.77,
EBSW,10/18/14 12:00:00 AM,10cm,,12.55,
EBSW,10/18/14 12:00:00 PM,10cm,,11.77,
EBSW,10/19/14 03:00:00 AM,10cm,,11.77,
EBSW,10/19/14 03:00:00 PM,10cm,,11.38,
EBSW,10/19/14 06:00:00 AM,10cm,,11.77,
EBSW,10/19/14 06:00:00 PM,10cm,,10.99,
EBSW,10/19/14 09:00:00 AM,10cm,,11.38,
EBSW,10/19/14 09:00:00 PM,10cm,,10.99,
EBSW,10/19/14 12:00:00 AM,10cm,,11.77,
EBSW,10/19/14 12:00:00 PM,10cm,,11.38,
EBSW,10/20/14 03:00:00 AM,10cm,,10.6,
EBSW,10/20/14 03:00:00 PM,10cm,,9.82,
EBSW,10/20/14 06:00:00 AM,10cm,,10.6,
EBSW,10/20/14 06:00:00 PM,10cm,,9.82,
EBSW,10/20/14 09:00:00 AM,10cm,,10.21,
EBSW,10/20/14 09:00:00 PM,10cm,,9.82,
EBSW,10/20/14 12:00:00 AM,10cm,,10.6,
EBSW,10/20/14 12:00:00 PM,10cm,,10.21,
EBSW,10/21/14 03:00:00 AM,10cm,,9.82,
EBSW,10/21/14 03:00:00 PM,10cm,,9.42,
EBSW,10/21/14 06:00:00 AM,10cm,,9.42,
EBSW,10/21/14 06:00:00 PM,10cm,,9.42,
EBSW,10/21/14 09:00:00 AM,10cm,,9.42,
EBSW,10/21/14 09:00:00 PM,10cm,,9.42,
EBSW,10/21/14 12:00:00 AM,10cm,,9.82,
EBSW,10/21/14 12:00:00 PM,10cm,,9.42,
EBSW,10/22/14 03:00:00 AM,10cm,,9.42,
EBSW,10/22/14 03:00:00 PM,10cm,,9.03,
EBSW,10/22/14 06:00:00 AM,10cm,,9.42,
EBSW,10/22/14 06:00:00 PM,10cm,,9.03,
EBSW,10/22/14 09:00:00 AM,10cm,,9.03,
EBSW,10/22/14 09:00:00 PM,10cm,,9.03,
EBSW,10/22/14 12:00:00 AM,10cm,,9.42,
EBSW,10/22/14 12:00:00 PM,10cm,,9.03,
EBSW,10/23/14 03:00:00 AM,10cm,,9.03,
EBSW,10/23/14 03:00:00 PM,10cm,,9.03,
EBSW,10/23/14 06:00:00 AM,10cm,,9.03,
EBSW,10/23/14 06:00:00 PM,10cm,,9.03,
EBSW,10/23/14 09:00:00 AM,10cm,,8.63,
EBSW,10/23/14 09:00:00 PM,10cm,,9.03,
EBSW,10/23/14 12:00:00 AM,10cm,,9.03,
EBSW,10/23/14 12:00:00 PM,10cm,,9.03,
EBSW,10/24/14 03:00:00 AM,10cm,,9.03,
EBSW,10/24/14 03:00:00 PM,10cm,,9.03,
EBSW,10/24/14 06:00:00 AM,10cm,,9.03,
EBSW,10/24/14 06:00:00 PM,10cm,,9.03,
EBSW,10/24/14 09:00:00 AM,10cm,,9.03,
EBSW,10/24/14 09:00:00 PM,10cm,,9.03,
EBSW,10/24/14 12:00:00 AM,10cm,,9.03,
EBSW,10/24/14 12:00:00 PM,10cm,,9.03,
EBSW,10/25/14 03:00:00 AM,10cm,,8.63,
EBSW,10/25/14 03:00:00 PM,10cm,,8.63,
EBSW,10/25/14 06:00:00 AM,10cm,,8.63,
EBSW,10/25/14 06:00:00 PM,10cm,,8.63,
EBSW,10/25/14 09:00:00 AM,10cm,,8.63,
EBSW,10/25/14 09:00:00 PM,10cm,,8.63,
EBSW,10/25/14 12:00:00 AM,10cm,,8.63,
EBSW,10/25/14 12:00:00 PM,10cm,,8.63,
EBSW,10/26/14 03:00:00 AM,10cm,,8.63,
EBSW,10/26/14 03:00:00 PM,10cm,,8.63,
EBSW,10/26/14 06:00:00 AM,10cm,,8.63,
EBSW,10/26/14 06:00:00 PM,10cm,,8.63,
EBSW,10/26/14 09:00:00 AM,10cm,,8.63,
EBSW,10/26/14 09:00:00 PM,10cm,,8.63,
EBSW,10/26/14 12:00:00 AM,10cm,,8.63,
EBSW,10/26/14 12:00:00 PM,10cm,,8.63,
EBSW,10/27/14 03:00:00 AM,10cm,,8.63,
EBSW,10/27/14 03:00:00 PM,10cm,,8.23,
EBSW,10/27/14 06:00:00 AM,10cm,,8.63,
EBSW,10/27/14 06:00:00 PM,10cm,,8.23,
EBSW,10/27/14 09:00:00 AM,10cm,,8.63,
EBSW,10/27/14 09:00:00 PM,10cm,,8.23,
EBSW,10/27/14 12:00:00 AM,10cm,,8.63,
EBSW,10/27/14 12:00:00 PM,10cm,,8.63,
EBSW,10/28/14 03:00:00 AM,10cm,,8.23,
EBSW,10/28/14 03:00:00 PM,10cm,,8.23,
EBSW,10/28/14 06:00:00 AM,10cm,,8.23,
EBSW,10/28/14 06:00:00 PM,10cm,,8.23,
EBSW,10/28/14 09:00:00 AM,10cm,,8.23,
EBSW,10/28/14 09:00:00 PM,10cm,,8.23,
EBSW,10/28/14 12:00:00 AM,10cm,,8.23,
EBSW,10/28/14 12:00:00 PM,10cm,,8.23,
EBSW,10/29/14 03:00:00 AM,10cm,,8.23,
EBSW,10/29/14 03:00:00 PM,10cm,,8.23,
EBSW,10/29/14 06:00:00 AM,10cm,,8.23,
EBSW,10/29/14 06:00:00 PM,10cm,,8.23,
EBSW,10/29/14 09:00:00 AM,10cm,,8.23,
EBSW,10/29/14 09:00:00 PM,10cm,,8.63,
EBSW,10/29/14 12:00:00 AM,10cm,,8.23,
EBSW,10/29/14 12:00:00 PM,10cm,,8.23,
EBSW,10/30/14 03:00:00 AM,10cm,,8.63,
EBSW,10/30/14 03:00:00 PM,10cm,,8.63,
EBSW,10/30/14 06:00:00 AM,10cm,,8.63,
EBSW,10/30/14 06:00:00 PM,10cm,,8.63,
EBSW,10/30/14 09:00:00 AM,10cm,,8.63,
EBSW,10/30/14 09:00:00 PM,10cm,,8.63,
EBSW,10/30/14 12:00:00 AM,10cm,,8.63,
EBSW,10/30/14 12:00:00 PM,10cm,,8.63,
EBSW,10/31/14 03:00:00 AM,10cm,,8.23,
EBSW,10/31/14 03:00:00 PM,10cm,,8.23,
EBSW,10/31/14 06:00:00 AM,10cm,,8.23,
EBSW,10/31/14 06:00:00 PM,10cm,,8.23,
EBSW,10/31/14 09:00:00 AM,10cm,,8.23,
EBSW,10/31/14 09:00:00 PM,10cm,,8.23,
EBSW,10/31/14 12:00:00 AM,10cm,,8.63,
EBSW,10/31/14 12:00:00 PM,10cm,,8.23,
EBSW,11/13/14 03:00:00 AM,10cm,,6.62,
EBSW,11/13/14 03:00:00 PM,10cm,,6.22,
EBSW,11/13/14 06:00:00 AM,10cm,,6.62,
EBSW,11/13/14 06:00:00 PM,10cm,,6.22,
EBSW,11/13/14 09:00:00 AM,10cm,,6.62,
EBSW,11/13/14 09:00:00 PM,10cm,,6.22,
EBSW,11/13/14 12:00:00 AM,10cm,,6.62,
EBSW,11/13/14 12:00:00 PM,10cm,,6.62,
EBSW,11/14/14 03:00:00 AM,10cm,,6.22,
EBSW,11/14/14 03:00:00 PM,10cm,,5.81,
EBSW,11/14/14 06:00:00 AM,10cm,,6.22,
EBSW,11/14/14 06:00:00 PM,10cm,,5.81,
EBSW,11/14/14 09:00:00 AM,10cm,,5.81,
EBSW,11/14/14 09:00:00 PM,10cm,,5.81,
EBSW,11/14/14 12:00:00 AM,10cm,,6.22,
EBSW,11/14/14 12:00:00 PM,10cm,,5.81,
EBSW,11/15/14 03:00:00 AM,10cm,,5.81,
EBSW,11/15/14 03:00:00 PM,10cm,,5.4,
EBSW,11/15/14 06:00:00 AM,10cm,,5.81,
EBSW,11/15/14 06:00:00 PM,10cm,,5.4,
EBSW,11/15/14 09:00:00 AM,10cm,,5.4,
EBSW,11/15/14 09:00:00 PM,10cm,,5.4,
EBSW,11/15/14 12:00:00 AM,10cm,,5.81,
EBSW,11/15/14 12:00:00 PM,10cm,,5.4,
EBSW,11/16/14 03:00:00 AM,10cm,,5.4,
EBSW,11/16/14 03:00:00 PM,10cm,,4.99,
EBSW,11/16/14 06:00:00 AM,10cm,,5.4,
EBSW,11/16/14 06:00:00 PM,10cm,,4.99,
EBSW,11/16/14 09:00:00 AM,10cm,,5.4,
EBSW,11/16/14 09:00:00 PM,10cm,,4.99,
EBSW,11/16/14 12:00:00 AM,10cm,,5.4,
EBSW,11/16/14 12:00:00 PM,10cm,,5.4,
EBSW,11/17/14 03:00:00 AM,10cm,,4.99,
EBSW,11/17/14 03:00:00 PM,10cm,,4.99,
EBSW,11/17/14 06:00:00 AM,10cm,,4.99,
EBSW,11/17/14 06:00:00 PM,10cm,,4.99,
EBSW,11/17/14 09:00:00 AM,10cm,,4.99,
EBSW,11/17/14 09:00:00 PM,10cm,,4.99,
EBSW,11/17/14 12:00:00 AM,10cm,,4.99,
EBSW,11/17/14 12:00:00 PM,10cm,,4.99,
EBSW,11/18/14 03:00:00 AM,10cm,,4.99,
EBSW,11/18/14 03:00:00 PM,10cm,,5.4,
EBSW,11/18/14 06:00:00 AM,10cm,,5.4,
EBSW,11/18/14 06:00:00 PM,10cm,,5.4,
EBSW,11/18/14 09:00:00 AM,10cm,,5.4,
EBSW,11/18/14 09:00:00 PM,10cm,,5.4,
EBSW,11/18/14 12:00:00 AM,10cm,,4.99,
EBSW,11/18/14 12:00:00 PM,10cm,,5.4,
EBSW,11/19/14 03:00:00 AM,10cm,,5.4,
EBSW,11/19/14 03:00:00 PM,10cm,,4.99,
EBSW,11/19/14 06:00:00 AM,10cm,,4.99,
EBSW,11/19/14 06:00:00 PM,10cm,,4.99,
EBSW,11/19/14 09:00:00 AM,10cm,,4.99,
EBSW,11/19/14 09:00:00 PM,10cm,,4.57,
EBSW,11/19/14 12:00:00 AM,10cm,,5.4,
EBSW,11/19/14 12:00:00 PM,10cm,,4.99,
EBSW,11/20/14 03:00:00 AM,10cm,,4.57,
EBSW,11/20/14 03:00:00 PM,10cm,,4.57,
EBSW,11/20/14 06:00:00 AM,10cm,,4.57,
EBSW,11/20/14 06:00:00 PM,10cm,,4.15,
EBSW,11/20/14 09:00:00 AM,10cm,,4.57,
EBSW,11/20/14 09:00:00 PM,10cm,,4.15,
EBSW,11/20/14 12:00:00 AM,10cm,,4.57,
EBSW,11/20/14 12:00:00 PM,10cm,,4.57,
EBSW,11/21/14 03:00:00 AM,10cm,,4.15,
EBSW,11/21/14 06:00:00 AM,10cm,,4.15,
EBSW,11/21/14 09:00:00 AM,10cm,,4.15,
EBSW,11/21/14 12:00:00 AM,10cm,,4.15,
EBSW,11/21/14 12:00:00 PM,10cm,,4.15,